name,chr,size_mb,src
sim_0001,1,42.50163,simulation (truth)
sim_0001,1,24.856243,simulation (truth)
sim_0001,3,7.974897,simulation (truth)
sim_0001,6,4.157598,simulation (truth)
sim_0001,7,2.502567,simulation (truth)
sim_0001,7,23.032104,simulation (truth)
sim_0001,8,0.975734,simulation (truth)
sim_0001,10,9.925834,simulation (truth)
sim_0002,2,12.809769,simulation (truth)
sim_0002,3,3.520832,simulation (truth)
sim_0002,3,43.777095,simulation (truth)
sim_0002,3,0,simulation (truth)
sim_0002,4,2.545061,simulation (truth)
sim_0002,5,24.39025,simulation (truth)
sim_0002,5,29.862149,simulation (truth)
sim_0002,8,10.817921,simulation (truth)
sim_0002,9,30.885537,simulation (truth)
sim_0002,10,122.757963,simulation (truth)
sim_0003,1,10.052781,simulation (truth)
sim_0003,1,69.436297,simulation (truth)
sim_0003,1,14.845878,simulation (truth)
sim_0003,2,12.343187,simulation (truth)
sim_0003,2,3.732648,simulation (truth)
sim_0003,4,6.998917,simulation (truth)
sim_0003,6,70.424616,simulation (truth)
sim_0003,6,17.139485,simulation (truth)
sim_0003,6,13.57583,simulation (truth)
sim_0003,7,2.163236,simulation (truth)
sim_0003,7,6.532125,simulation (truth)
sim_0003,8,43.568646,simulation (truth)
sim_0003,10,59.045986,simulation (truth)
sim_0003,10,1.56947,simulation (truth)
sim_0004,1,17.602971,simulation (truth)
sim_0004,1,6.065602,simulation (truth)
sim_0004,2,17.051414,simulation (truth)
sim_0004,2,0,simulation (truth)
sim_0004,3,2.54518,simulation (truth)
sim_0004,3,0.805973,simulation (truth)
sim_0004,4,13.276733,simulation (truth)
sim_0004,5,0,simulation (truth)
sim_0004,6,14.594017,simulation (truth)
sim_0004,6,0.042424,simulation (truth)
sim_0004,7,37.156764,simulation (truth)
sim_0004,8,8.82403,simulation (truth)
sim_0005,1,28.079919,simulation (truth)
sim_0005,1,133.019075,simulation (truth)
sim_0005,1,10.476948,simulation (truth)
sim_0005,3,1.145331,simulation (truth)
sim_0005,3,42.716603,simulation (truth)
sim_0005,4,13.361569,simulation (truth)
sim_0005,4,21.760269,simulation (truth)
sim_0005,5,7.762462,simulation (truth)
sim_0005,5,17.476144,simulation (truth)
sim_0005,5,12.046663,simulation (truth)
sim_0005,5,6.150584,simulation (truth)
sim_0005,7,18.620799,simulation (truth)
sim_0006,2,38.217222,simulation (truth)
sim_0006,3,8.950549,simulation (truth)
sim_0006,4,10.731672,simulation (truth)
sim_0006,4,15.185528,simulation (truth)
sim_0006,5,8.78049,simulation (truth)
sim_0006,5,8.653236,simulation (truth)
sim_0006,6,13.321283,simulation (truth)
sim_0006,7,19.214628,simulation (truth)
sim_0006,8,2.799932,simulation (truth)
sim_0006,8,2.078738,simulation (truth)
sim_0006,8,0.296963,simulation (truth)
sim_0006,9,6.321353,simulation (truth)
sim_0006,10,3.09652,simulation (truth)
sim_0007,1,3.011592,simulation (truth)
sim_0007,2,13.446015,simulation (truth)
sim_0007,4,50.095279,simulation (truth)
sim_0007,5,3.308591,simulation (truth)
sim_0007,5,15.270417,simulation (truth)
sim_0007,6,28.509243,simulation (truth)
sim_0007,7,1.145243,simulation (truth)
sim_0007,9,2.375811,simulation (truth)
sim_0007,9,4.794046,simulation (truth)
sim_0007,10,57.391681,simulation (truth)
sim_0008,2,33.508996,simulation (truth)
sim_0008,2,11.919023,simulation (truth)
sim_0008,3,136.548903,simulation (truth)
sim_0008,4,8.3987,simulation (truth)
sim_0008,4,60.445192,simulation (truth)
sim_0008,5,1.272535,simulation (truth)
sim_0008,5,13.997882,simulation (truth)
sim_0008,6,117.430927,simulation (truth)
sim_0008,7,5.259634,simulation (truth)
sim_0008,8,67.495342,simulation (truth)
sim_0008,10,1.569469,simulation (truth)
sim_0009,1,6.701854,simulation (truth)
sim_0009,2,35.035988,simulation (truth)
sim_0009,3,3.987449,simulation (truth)
sim_0009,5,4.835632,simulation (truth)
sim_0009,5,37.879118,simulation (truth)
sim_0009,5,2.969247,simulation (truth)
sim_0009,7,0,simulation (truth)
sim_0009,7,6.82904,simulation (truth)
sim_0009,8,52.477523,simulation (truth)
sim_0009,9,2.672787,simulation (truth)
sim_0009,9,1.442456,simulation (truth)
sim_0010,1,24.771409,simulation (truth)
sim_0010,1,8.653026,simulation (truth)
sim_0010,2,3.732648,simulation (truth)
sim_0010,3,35.293161,simulation (truth)
sim_0010,6,4.709116,simulation (truth)
sim_0010,7,139.549948,simulation (truth)
sim_0010,9,2.375811,simulation (truth)
sim_0010,9,124.051252,simulation (truth)
sim_0010,10,25.026675,simulation (truth)
sim_0011,1,4.368931,simulation (truth)
sim_0011,1,8.822694,simulation (truth)
sim_0011,1,6.362519,simulation (truth)
sim_0011,2,2.926735,simulation (truth)
sim_0011,3,132.391776,simulation (truth)
sim_0011,4,26.85039,simulation (truth)
sim_0011,4,35.715685,simulation (truth)
sim_0011,5,12.937437,simulation (truth)
sim_0011,8,4.412015,simulation (truth)
sim_0011,9,11.072974,simulation (truth)
sim_0012,2,25.322621,simulation (truth)
sim_0012,2,39.871464,simulation (truth)
sim_0012,3,14.380266,simulation (truth)
sim_0012,4,39.575694,simulation (truth)
sim_0012,5,8.950162,simulation (truth)
sim_0012,5,30.965012,simulation (truth)
sim_0012,6,48.363893,simulation (truth)
sim_0012,6,77.424654,simulation (truth)
sim_0012,7,10.731348,simulation (truth)
sim_0012,8,14.339048,simulation (truth)
sim_0012,9,22.273224,simulation (truth)
sim_0012,9,11.497227,simulation (truth)
sim_0012,9,2.715212,simulation (truth)
sim_0012,10,33.892057,simulation (truth)
sim_0013,1,37.920616,simulation (truth)
sim_0013,2,10.349614,simulation (truth)
sim_0013,3,23.288396,simulation (truth)
sim_0013,3,1.654367,simulation (truth)
sim_0013,4,5.641551,simulation (truth)
sim_0013,5,20.530228,simulation (truth)
sim_0013,5,4.241782,simulation (truth)
sim_0013,6,4.581843,simulation (truth)
sim_0013,6,3.903051,simulation (truth)
sim_0013,10,2.757176,simulation (truth)
sim_0014,1,28.970672,simulation (truth)
sim_0014,1,11.1132,simulation (truth)
sim_0014,1,7.041189,simulation (truth)
sim_0014,2,2.120822,simulation (truth)
sim_0014,3,2.50276,simulation (truth)
sim_0014,3,2.884538,simulation (truth)
sim_0014,3,10.18072,simulation (truth)
sim_0014,4,3.223744,simulation (truth)
sim_0014,4,1.230113,simulation (truth)
sim_0014,5,7.42312,simulation (truth)
sim_0014,5,112.873833,simulation (truth)
sim_0014,6,3.648504,simulation (truth)
sim_0014,6,35.04261,simulation (truth)
sim_0014,7,11.919008,simulation (truth)
sim_0014,8,40.089943,simulation (truth)
sim_0015,1,20.190396,simulation (truth)
sim_0015,1,3.011593,simulation (truth)
sim_0015,2,2.757069,simulation (truth)
sim_0015,2,25.152956,simulation (truth)
sim_0015,4,3.435831,simulation (truth)
sim_0015,5,2.799577,simulation (truth)
sim_0015,5,113.552519,simulation (truth)
sim_0015,6,21.466781,simulation (truth)
sim_0015,7,22.183776,simulation (truth)
sim_0015,7,1.06041,simulation (truth)
sim_0015,8,6.448329,simulation (truth)
sim_0015,8,9.799764,simulation (truth)
sim_0015,9,136.778809,simulation (truth)
sim_0015,10,1.951232,simulation (truth)
sim_0016,1,5.005183,simulation (truth)
sim_0016,2,14.082261,simulation (truth)
sim_0016,3,3.308734,simulation (truth)
sim_0016,4,3.478249,simulation (truth)
sim_0016,8,5.430172,simulation (truth)
sim_0016,9,3.478865,simulation (truth)
sim_0016,10,0.721108,simulation (truth)
sim_0016,10,8.907799,simulation (truth)
sim_0017,1,13.318874,simulation (truth)
sim_0017,1,59.044181,simulation (truth)
sim_0017,2,166.484569,simulation (truth)
sim_0017,3,21.591609,simulation (truth)
sim_0017,3,12.853158,simulation (truth)
sim_0017,5,13.658539,simulation (truth)
sim_0017,8,8.781606,simulation (truth)
sim_0017,8,28.847789,simulation (truth)
sim_0017,9,113.614656,simulation (truth)
sim_0017,9,10.224471,simulation (truth)
sim_0017,10,6.829313,simulation (truth)
sim_0018,1,29.522091,simulation (truth)
sim_0018,2,21.589974,simulation (truth)
sim_0018,3,48.697776,simulation (truth)
sim_0018,3,21.421931,simulation (truth)
sim_0018,4,73.425001,simulation (truth)
sim_0018,5,2.332981,simulation (truth)
sim_0018,7,4.70822,simulation (truth)
sim_0018,8,10.223996,simulation (truth)
sim_0018,9,39.879678,simulation (truth)
sim_0019,1,81.949252,simulation (truth)
sim_0019,2,38.132389,simulation (truth)
sim_0019,2,3.775065,simulation (truth)
sim_0019,3,8.144576,simulation (truth)
sim_0019,4,0.593847,simulation (truth)
sim_0019,5,6.659599,simulation (truth)
sim_0019,5,10.986216,simulation (truth)
sim_0019,6,28.339545,simulation (truth)
sim_0019,6,4.454569,simulation (truth)
sim_0019,9,14.085163,simulation (truth)
sim_0019,9,1.866709,simulation (truth)
sim_0019,9,6.78803,simulation (truth)
sim_0020,1,79.913245,simulation (truth)
sim_0020,2,3.181234,simulation (truth)
sim_0020,2,3.732648,simulation (truth)
sim_0020,3,8.483933,simulation (truth)
sim_0020,5,140.869598,simulation (truth)
sim_0020,7,101.544856,simulation (truth)
sim_0020,7,43.349558,simulation (truth)
sim_0020,8,11.878501,simulation (truth)
sim_0020,9,0.466677,simulation (truth)
sim_0020,10,5.641606,simulation (truth)
sim_0021,1,79.064909,simulation (truth)
sim_0021,2,18.535989,simulation (truth)
sim_0021,2,174.034697,simulation (truth)
sim_0021,3,1.23017,simulation (truth)
sim_0021,3,29.354409,simulation (truth)
sim_0021,4,97.730332,simulation (truth)
sim_0021,4,21.336092,simulation (truth)
sim_0021,6,3.309108,simulation (truth)
sim_0021,8,11.369423,simulation (truth)
sim_0021,8,48.065507,simulation (truth)
sim_0021,10,12.428501,simulation (truth)
sim_0022,1,45.385973,simulation (truth)
sim_0022,3,72.961825,simulation (truth)
sim_0022,3,18.113197,simulation (truth)
sim_0022,4,121.060054,simulation (truth)
sim_0022,4,1.10286,simulation (truth)
sim_0022,5,21.590673,simulation (truth)
sim_0022,6,7.084886,simulation (truth)
sim_0022,7,14.209493,simulation (truth)
sim_0022,7,1.866321,simulation (truth)
sim_0022,8,47.217043,simulation (truth)
sim_0022,9,94.26877,simulation (truth)
sim_0022,9,2.715212,simulation (truth)
sim_0022,10,0,simulation (truth)
sim_0022,10,115.801395,simulation (truth)
sim_0023,2,113.421589,simulation (truth)
sim_0023,5,8.441147,simulation (truth)
sim_0023,7,1.357325,simulation (truth)
sim_0023,10,111.347496,simulation (truth)
sim_0024,1,11.155618,simulation (truth)
sim_0024,1,0.509002,simulation (truth)
sim_0024,1,0.254501,simulation (truth)
sim_0024,3,14.719623,simulation (truth)
sim_0024,3,35.250742,simulation (truth)
sim_0024,3,6.617468,simulation (truth)
sim_0024,3,7.423441,simulation (truth)
sim_0024,6,98.679313,simulation (truth)
sim_0024,7,11.53726,simulation (truth)
sim_0024,8,0.975734,simulation (truth)
sim_0024,8,2.587816,simulation (truth)
sim_0024,9,2.715212,simulation (truth)
sim_0025,1,11.113201,simulation (truth)
sim_0025,1,11.494952,simulation (truth)
sim_0025,1,0.721085,simulation (truth)
sim_0025,2,114.566833,simulation (truth)
sim_0025,2,1.654242,simulation (truth)
sim_0025,3,9.077808,simulation (truth)
sim_0025,5,2.290563,simulation (truth)
sim_0025,5,3.138919,simulation (truth)
sim_0025,6,85.994396,simulation (truth)
sim_0025,6,50.485117,simulation (truth)
sim_0025,6,0.042424,simulation (truth)
sim_0025,8,4.284745,simulation (truth)
sim_0025,9,20.745917,simulation (truth)
sim_0025,10,29.81992,simulation (truth)
sim_0026,1,16.542551,simulation (truth)
sim_0026,1,1.018003,simulation (truth)
sim_0026,1,2.332923,simulation (truth)
sim_0026,2,19.766066,simulation (truth)
sim_0026,4,2.841984,simulation (truth)
sim_0027,1,21.378065,simulation (truth)
sim_0027,2,4.496144,simulation (truth)
sim_0027,3,2.50276,simulation (truth)
sim_0027,4,14.422011,simulation (truth)
sim_0027,4,42.417679,simulation (truth)
sim_0027,5,18.069993,simulation (truth)
sim_0027,5,8.525983,simulation (truth)
sim_0027,6,38.818389,simulation (truth)
sim_0027,7,2.841899,simulation (truth)
sim_0027,7,65.618167,simulation (truth)
sim_0027,7,8.016699,simulation (truth)
sim_0027,8,4.115052,simulation (truth)
sim_0027,8,98.209753,simulation (truth)
sim_0027,9,8.357762,simulation (truth)
sim_0027,9,8.400188,simulation (truth)
sim_0027,10,0.848361,simulation (truth)
sim_0028,2,31.727505,simulation (truth)
sim_0028,3,106.939976,simulation (truth)
sim_0028,3,11.283631,simulation (truth)
sim_0028,4,13.828163,simulation (truth)
sim_0028,5,137.773097,simulation (truth)
sim_0028,5,25.874873,simulation (truth)
sim_0028,7,1.781488,simulation (truth)
sim_0028,8,62.828788,simulation (truth)
sim_0028,10,138.792002,simulation (truth)
sim_0029,1,18.578557,simulation (truth)
sim_0029,2,200.417729,simulation (truth)
sim_0029,4,111.770583,simulation (truth)
sim_0029,6,84.467116,simulation (truth)
sim_0029,6,1.951526,simulation (truth)
sim_0029,10,1.823978,simulation (truth)
sim_0029,10,3.054102,simulation (truth)
sim_0029,10,0.042418,simulation (truth)
sim_0029,10,1.018034,simulation (truth)
sim_0030,3,33.341857,simulation (truth)
sim_0030,3,1.27259,simulation (truth)
sim_0030,4,87.295582,simulation (truth)
sim_0030,5,107.741276,simulation (truth)
sim_0030,6,8.35762,simulation (truth)
sim_0030,6,53.624527,simulation (truth)
sim_0030,6,3.096986,simulation (truth)
sim_0030,7,2.629817,simulation (truth)
sim_0030,7,10.307184,simulation (truth)
sim_0030,9,9.588093,simulation (truth)
sim_0030,9,47.431361,simulation (truth)
sim_0031,1,14.082377,simulation (truth)
sim_0031,1,11.91912,simulation (truth)
sim_0031,1,11.622202,simulation (truth)
sim_0031,3,39.874486,simulation (truth)
sim_0031,3,3.563252,simulation (truth)
sim_0031,3,1.654367,simulation (truth)
sim_0031,4,9.798483,simulation (truth)
sim_0031,4,120.126866,simulation (truth)
sim_0031,4,4.114514,simulation (truth)
sim_0031,5,3.987275,simulation (truth)
sim_0031,7,1.230075,simulation (truth)
sim_0031,7,23.032104,simulation (truth)
sim_0031,8,9.248261,simulation (truth)
sim_0031,9,0.042425,simulation (truth)
sim_0031,9,63.383233,simulation (truth)
sim_0032,1,34.145522,simulation (truth)
sim_0032,2,65.787915,simulation (truth)
sim_0032,2,25.280204,simulation (truth)
sim_0032,3,71.774073,simulation (truth)
sim_0032,4,0.084835,simulation (truth)
sim_0032,5,5.599153,simulation (truth)
sim_0032,5,0.424178,simulation (truth)
sim_0032,5,9.077414,simulation (truth)
sim_0032,6,0.339396,simulation (truth)
sim_0032,9,7.84866,simulation (truth)
sim_0032,9,14.382139,simulation (truth)
sim_0032,10,25.57811,simulation (truth)
sim_0033,1,14.421711,simulation (truth)
sim_0033,1,11.622202,simulation (truth)
sim_0033,3,11.707828,simulation (truth)
sim_0033,4,138.324049,simulation (truth)
sim_0033,5,6.489928,simulation (truth)
sim_0033,7,19.002546,simulation (truth)
sim_0033,8,82.385892,simulation (truth)
sim_0033,9,2.757637,simulation (truth)
sim_0033,10,1.611888,simulation (truth)
sim_0034,1,118.088362,simulation (truth)
sim_0034,3,61.593354,simulation (truth)
sim_0034,3,18.198036,simulation (truth)
sim_0034,4,39.406024,simulation (truth)
sim_0034,5,154.697809,simulation (truth)
sim_0034,5,2.799576,simulation (truth)
sim_0035,1,65.1522,simulation (truth)
sim_0035,2,20.571978,simulation (truth)
sim_0035,4,14.676517,simulation (truth)
sim_0035,4,126.150176,simulation (truth)
sim_0035,5,4.326619,simulation (truth)
sim_0035,6,1.018187,simulation (truth)
sim_0035,6,7.000037,simulation (truth)
sim_0035,7,9.798188,simulation (truth)
sim_0035,9,1.781858,simulation (truth)
sim_0035,10,84.963441,simulation (truth)
sim_0036,2,8.780205,simulation (truth)
sim_0036,4,11.919367,simulation (truth)
sim_0036,4,41.10273,simulation (truth)
sim_0036,5,32.746561,simulation (truth)
sim_0036,6,1.696978,simulation (truth)
sim_0036,6,4.369721,simulation (truth)
sim_0036,6,13.830377,simulation (truth)
sim_0036,8,2.672663,simulation (truth)
sim_0036,8,19.938913,simulation (truth)
sim_0036,9,0.509102,simulation (truth)
sim_0036,9,1.697008,simulation (truth)
sim_0036,9,16.800374,simulation (truth)
sim_0037,1,16.839468,simulation (truth)
sim_0037,1,27.061916,simulation (truth)
sim_0037,2,36.605397,simulation (truth)
sim_0037,3,167.006223,simulation (truth)
sim_0037,4,148.886051,simulation (truth)
sim_0037,5,4.326619,simulation (truth)
sim_0037,5,33.382828,simulation (truth)
sim_0037,6,10.139447,simulation (truth)
sim_0037,7,36.350853,simulation (truth)
sim_0037,7,2.248069,simulation (truth)
sim_0037,8,0.721195,simulation (truth)
sim_0037,8,93.076543,simulation (truth)
sim_0037,9,2.969763,simulation (truth)
sim_0037,10,52.556018,simulation (truth)
sim_0038,1,0.636252,simulation (truth)
sim_0038,1,10.010365,simulation (truth)
sim_0038,2,0,simulation (truth)
sim_0038,2,11.070694,simulation (truth)
sim_0038,3,1.060492,simulation (truth)
sim_0038,4,2.757149,simulation (truth)
sim_0038,4,1.018025,simulation (truth)
sim_0038,4,22.693458,simulation (truth)
sim_0038,4,3.308578,simulation (truth)
sim_0038,5,2.16331,simulation (truth)
sim_0038,5,162.67236,simulation (truth)
sim_0038,6,116.200618,simulation (truth)
sim_0038,7,15.057821,simulation (truth)
sim_0038,8,4.581708,simulation (truth)
sim_0038,10,19.681996,simulation (truth)
sim_0039,1,28.758588,simulation (truth)
sim_0039,2,2.417738,simulation (truth)
sim_0039,4,4.835615,simulation (truth)
sim_0039,8,8.739183,simulation (truth)
sim_0039,10,2.163323,simulation (truth)
sim_0039,10,38.642883,simulation (truth)
sim_0040,1,26.89225,simulation (truth)
sim_0040,2,3.732648,simulation (truth)
sim_0040,3,2.54518,simulation (truth)
sim_0040,3,1.018072,simulation (truth)
sim_0040,5,34.52811,simulation (truth)
sim_0040,6,12.133398,simulation (truth)
sim_0040,7,176.706712,simulation (truth)
sim_0040,8,92.779581,simulation (truth)
sim_0040,8,33.556767,simulation (truth)
sim_0041,1,21.123564,simulation (truth)
sim_0041,1,49.076234,simulation (truth)
sim_0041,2,15.863752,simulation (truth)
sim_0041,3,34.31751,simulation (truth)
sim_0041,4,13.531239,simulation (truth)
sim_0041,5,0.763521,simulation (truth)
sim_0041,5,6.23542,simulation (truth)
sim_0041,6,53.200282,simulation (truth)
sim_0041,8,1.527236,simulation (truth)
sim_0041,9,7.085007,simulation (truth)
sim_0041,10,2.545085,simulation (truth)
sim_0041,10,6.023369,simulation (truth)
sim_0042,6,11.115211,simulation (truth)
sim_0042,7,1.314908,simulation (truth)
sim_0042,8,20.278298,simulation (truth)
sim_0042,9,20.873193,simulation (truth)
sim_0043,1,16.415301,simulation (truth)
sim_0043,1,15.566965,simulation (truth)
sim_0043,1,10.095198,simulation (truth)
sim_0043,2,17.475578,simulation (truth)
sim_0043,3,14.04091,simulation (truth)
sim_0043,4,136.160748,simulation (truth)
sim_0043,5,173.913084,simulation (truth)
sim_0043,7,2.502567,simulation (truth)
sim_0043,8,15.866284,simulation (truth)
sim_0044,2,8.48329,simulation (truth)
sim_0044,2,17.772493,simulation (truth)
sim_0044,2,8.313625,simulation (truth)
sim_0044,3,2.163403,simulation (truth)
sim_0044,3,21.252252,simulation (truth)
sim_0044,5,1.527042,simulation (truth)
sim_0044,5,13.955464,simulation (truth)
sim_0044,7,7.465286,simulation (truth)
sim_0044,8,9.460378,simulation (truth)
sim_0044,10,2.290577,simulation (truth)
sim_0045,1,10.307281,simulation (truth)
sim_0045,4,2.884402,simulation (truth)
sim_0045,5,0,simulation (truth)
sim_0045,5,202.842041,simulation (truth)
sim_0045,6,9.58793,simulation (truth)
sim_0045,6,1.951526,simulation (truth)
sim_0045,7,40.762158,simulation (truth)
sim_0045,10,110.965732,simulation (truth)
sim_0046,1,27.698168,simulation (truth)
sim_0046,1,15.270047,simulation (truth)
sim_0046,3,2.120983,simulation (truth)
sim_0046,6,115.097581,simulation (truth)
sim_0046,7,10.010269,simulation (truth)
sim_0046,9,2.715212,simulation (truth)
sim_0046,10,53.404379,simulation (truth)
sim_0047,1,2.545007,simulation (truth)
sim_0047,2,11.664524,simulation (truth)
sim_0047,4,3.775173,simulation (truth)
sim_0047,7,17.560388,simulation (truth)
sim_0047,9,1.06063,simulation (truth)
sim_0047,9,3.097039,simulation (truth)
sim_0047,9,0,simulation (truth)
sim_0047,10,2.417831,simulation (truth)
sim_0048,1,6.023185,simulation (truth)
sim_0048,1,15.524548,simulation (truth)
sim_0048,1,6.61702,simulation (truth)
sim_0048,3,41.910629,simulation (truth)
sim_0048,3,5.726655,simulation (truth)
sim_0048,4,134.464041,simulation (truth)
sim_0048,5,0.636268,simulation (truth)
sim_0048,5,0.127254,simulation (truth)
sim_0049,1,48.609649,simulation (truth)
sim_0049,1,37.496449,simulation (truth)
sim_0049,2,1.399743,simulation (truth)
sim_0049,3,53.576037,simulation (truth)
sim_0049,3,0.636295,simulation (truth)
sim_0049,4,6.405069,simulation (truth)
sim_0049,5,8.229058,simulation (truth)
sim_0049,5,24.093325,simulation (truth)
sim_0049,6,0.084849,simulation (truth)
sim_0049,7,1.569407,simulation (truth)
sim_0049,7,1.272492,simulation (truth)
sim_0049,8,45.901923,simulation (truth)
sim_0049,9,19.854988,simulation (truth)
sim_0049,9,0.806079,simulation (truth)
sim_0050,1,5.726267,simulation (truth)
sim_0050,2,5.811053,simulation (truth)
sim_0050,3,21.846128,simulation (truth)
sim_0050,4,147.104509,simulation (truth)
sim_0050,6,31.012286,simulation (truth)
sim_0050,7,4.326473,simulation (truth)
sim_0050,8,128.669624,simulation (truth)
sim_0050,9,65.759043,simulation (truth)
sim_0050,9,9.842644,simulation (truth)
sim_0050,10,80.806468,simulation (truth)
sim_0051,1,60.91052,simulation (truth)
sim_0051,1,15.185213,simulation (truth)
sim_0051,2,7.380462,simulation (truth)
sim_0051,2,101.841898,simulation (truth)
sim_0051,4,3.266161,simulation (truth)
sim_0051,4,1.399784,simulation (truth)
sim_0051,4,14.888605,simulation (truth)
sim_0051,6,6.787915,simulation (truth)
sim_0051,7,127.418858,simulation (truth)
sim_0051,8,34.150692,simulation (truth)
sim_0051,8,7.296793,simulation (truth)
sim_0051,9,2.333385,simulation (truth)
sim_0051,10,2.120905,simulation (truth)
sim_0052,1,2.884343,simulation (truth)
sim_0052,1,28.20717,simulation (truth)
sim_0052,4,0.381759,simulation (truth)
sim_0052,5,0.127254,simulation (truth)
sim_0052,6,15.357657,simulation (truth)
sim_0052,7,107.525568,simulation (truth)
sim_0052,8,0.296963,simulation (truth)
sim_0052,9,6.61833,simulation (truth)
sim_0052,10,12.046738,simulation (truth)
sim_0053,3,5.175199,simulation (truth)
sim_0053,3,130.270793,simulation (truth)
sim_0053,3,42.546924,simulation (truth)
sim_0053,4,5.811222,simulation (truth)
sim_0053,4,10.137825,simulation (truth)
sim_0053,5,12.682929,simulation (truth)
sim_0053,7,7.42287,simulation (truth)
sim_0053,9,4.157669,simulation (truth)
sim_0053,10,12.8951,simulation (truth)
sim_0054,1,35.587692,simulation (truth)
sim_0054,1,11.749452,simulation (truth)
sim_0054,2,11.155527,simulation (truth)
sim_0054,3,6.871986,simulation (truth)
sim_0054,3,12.853158,simulation (truth)
sim_0054,5,34.019096,simulation (truth)
sim_0054,9,17.521603,simulation (truth)
sim_0054,9,0.636378,simulation (truth)
sim_0054,10,4.962917,simulation (truth)
sim_0054,10,1.611887,simulation (truth)
sim_0055,1,37.369198,simulation (truth)
sim_0055,2,12.512853,simulation (truth)
sim_0055,3,163.442971,simulation (truth)
sim_0055,3,12.853159,simulation (truth)
sim_0055,4,3.944844,simulation (truth)
sim_0055,5,0.763521,simulation (truth)
sim_0055,5,169.88339,simulation (truth)
sim_0055,6,1.187886,simulation (truth)
sim_0055,7,7.083538,simulation (truth)
sim_0055,8,77.422375,simulation (truth)
sim_0055,8,11.327,simulation (truth)
sim_0055,9,110.008515,simulation (truth)
sim_0055,10,41.060714,simulation (truth)
sim_0056,1,14.845879,simulation (truth)
sim_0056,1,11.028367,simulation (truth)
sim_0056,3,24.051951,simulation (truth)
sim_0056,4,15.567288,simulation (truth)
sim_0056,4,105.323096,simulation (truth)
sim_0056,4,5.768805,simulation (truth)
sim_0056,4,3.308578,simulation (truth)
sim_0056,5,108.419962,simulation (truth)
sim_0056,8,40.895983,simulation (truth)
sim_0056,9,81.668488,simulation (truth)
sim_0056,9,2.715212,simulation (truth)
sim_0056,10,78.431055,simulation (truth)
sim_0056,10,7.33833,simulation (truth)
sim_0057,1,49.839737,simulation (truth)
sim_0057,1,26.043914,simulation (truth)
sim_0057,1,51.23949,simulation (truth)
sim_0057,2,2.078406,simulation (truth)
sim_0057,4,12.810139,simulation (truth)
sim_0057,4,0.381759,simulation (truth)
sim_0057,4,51.87682,simulation (truth)
sim_0057,4,1.866377,simulation (truth)
sim_0057,5,4.538707,simulation (truth)
sim_0057,8,8.654336,simulation (truth)
sim_0057,8,14.296625,simulation (truth)
sim_0057,9,22.909602,simulation (truth)
sim_0057,9,23.079303,simulation (truth)
sim_0058,1,15.863883,simulation (truth)
sim_0058,1,14.209626,simulation (truth)
sim_0058,5,105.493132,simulation (truth)
sim_0058,6,37.078985,simulation (truth)
sim_0058,7,2.672233,simulation (truth)
sim_0058,8,82.046506,simulation (truth)
sim_0058,9,2.333385,simulation (truth)
sim_0058,10,126.61801,simulation (truth)
sim_0059,1,233.504467,simulation (truth)
sim_0059,4,0.084835,simulation (truth)
sim_0059,4,12.555633,simulation (truth)
sim_0059,5,32.449636,simulation (truth)
sim_0059,5,4.835632,simulation (truth)
sim_0059,6,0.042424,simulation (truth)
sim_0059,6,129.691598,simulation (truth)
sim_0059,6,9.96975,simulation (truth)
sim_0059,7,5.386883,simulation (truth)
sim_0059,7,8.610528,simulation (truth)
sim_0060,1,7.592606,simulation (truth)
sim_0060,1,18.620974,simulation (truth)
sim_0060,2,26.001285,simulation (truth)
sim_0060,3,179.732123,simulation (truth)
sim_0060,4,105.535184,simulation (truth)
sim_0060,5,12.046662,simulation (truth)
sim_0060,5,5.174974,simulation (truth)
sim_0060,6,73.691301,simulation (truth)
sim_0060,9,3.818267,simulation (truth)
sim_0060,10,124.794031,simulation (truth)
sim_0061,1,1.272504,simulation (truth)
sim_0061,1,41.907795,simulation (truth)
sim_0061,2,9.034704,simulation (truth)
sim_0061,3,2.587599,simulation (truth)
sim_0061,4,4.58111,simulation (truth)
sim_0061,4,21.463346,simulation (truth)
sim_0061,4,2.926819,simulation (truth)
sim_0061,5,1.908803,simulation (truth)
sim_0061,7,20.571952,simulation (truth)
sim_0061,7,4.580971,simulation (truth)
sim_0061,7,1.145243,simulation (truth)
sim_0061,8,0.042423,simulation (truth)
sim_0061,9,114.802561,simulation (truth)
sim_0061,10,9.968252,simulation (truth)
sim_0062,1,3.138843,simulation (truth)
sim_0062,1,7.762274,simulation (truth)
sim_0062,5,0.084835,simulation (truth)
sim_0062,5,43.011675,simulation (truth)
sim_0062,6,30.375919,simulation (truth)
sim_0062,7,11.452427,simulation (truth)
sim_0063,1,32.024681,simulation (truth)
sim_0063,4,2.757149,simulation (truth)
sim_0063,6,39.157784,simulation (truth)
sim_0063,6,9.96975,simulation (truth)
sim_0063,7,86.6567,simulation (truth)
sim_0063,8,10.775498,simulation (truth)
sim_0063,9,125.620985,simulation (truth)
sim_0063,10,86.490493,simulation (truth)
sim_0064,1,29.225173,simulation (truth)
sim_0064,1,31.515681,simulation (truth)
sim_0064,2,127.419018,simulation (truth)
sim_0064,2,3.732648,simulation (truth)
sim_0064,4,13.446404,simulation (truth)
sim_0064,4,0.975606,simulation (truth)
sim_0064,4,43.053944,simulation (truth)
sim_0064,6,12.472794,simulation (truth)
sim_0064,7,39.023086,simulation (truth)
sim_0064,7,1.399742,simulation (truth)
sim_0064,8,19.981336,simulation (truth)
sim_0064,9,2.969763,simulation (truth)
sim_0064,9,6.575905,simulation (truth)
sim_0064,10,108.505483,simulation (truth)
sim_0064,10,8.398782,simulation (truth)
sim_0065,1,16.669801,simulation (truth)
sim_0065,1,31.939848,simulation (truth)
sim_0065,2,14.209511,simulation (truth)
sim_0065,3,53.957814,simulation (truth)
sim_0065,3,5.684236,simulation (truth)
sim_0065,4,117.200046,simulation (truth)
sim_0065,4,63.287176,simulation (truth)
sim_0065,5,16.458116,simulation (truth)
sim_0065,7,85.893204,simulation (truth)
sim_0065,8,52.222983,simulation (truth)
sim_0065,8,2.036315,simulation (truth)
sim_0066,2,16.839331,simulation (truth)
sim_0066,3,11.113952,simulation (truth)
sim_0066,3,0.127259,simulation (truth)
sim_0066,3,6.575048,simulation (truth)
sim_0066,4,155.163868,simulation (truth)
sim_0066,7,99.169537,simulation (truth)
sim_0066,7,0.46658,simulation (truth)
sim_0066,7,7.974283,simulation (truth)
sim_0066,8,19.599527,simulation (truth)
sim_0066,8,40.599021,simulation (truth)
sim_0066,9,6.70318,simulation (truth)
sim_0066,9,7.000156,simulation (truth)
sim_0067,1,16.245633,simulation (truth)
sim_0067,1,14.464128,simulation (truth)
sim_0067,2,1.230077,simulation (truth)
sim_0067,2,14.421594,simulation (truth)
sim_0067,3,58.751237,simulation (truth)
sim_0067,4,11.622443,simulation (truth)
sim_0067,5,26.977737,simulation (truth)
sim_0067,7,109.858469,simulation (truth)
sim_0067,7,28.715901,simulation (truth)
sim_0067,8,1.781775,simulation (truth)
sim_0067,10,0,simulation (truth)
sim_0068,1,2.714675,simulation (truth)
sim_0068,1,0.509002,simulation (truth)
sim_0068,2,2.375321,simulation (truth)
sim_0068,3,12.7259,simulation (truth)
sim_0068,3,2.587599,simulation (truth)
sim_0068,4,148.758798,simulation (truth)
sim_0068,4,5.768805,simulation (truth)
sim_0068,4,1.27253,simulation (truth)
sim_0068,5,3.054083,simulation (truth)
sim_0068,6,0.848489,simulation (truth)
sim_0068,7,93.612989,simulation (truth)
sim_0068,8,3.733244,simulation (truth)
sim_0068,8,8.951299,simulation (truth)
sim_0068,9,13.151809,simulation (truth)
sim_0068,9,67.837877,simulation (truth)
sim_0068,9,2.715212,simulation (truth)
sim_0068,10,1.357379,simulation (truth)
sim_0069,1,3.393344,simulation (truth)
sim_0069,1,21.250815,simulation (truth)
sim_0069,1,36.266362,simulation (truth)
sim_0069,2,4.623393,simulation (truth)
sim_0069,3,4.581324,simulation (truth)
sim_0069,4,40.551301,simulation (truth)
sim_0069,5,1.102863,simulation (truth)
sim_0069,5,14.63415,simulation (truth)
sim_0069,7,19.978123,simulation (truth)
sim_0069,8,13.108775,simulation (truth)
sim_0069,9,2.29096,simulation (truth)
sim_0070,1,53.020996,simulation (truth)
sim_0070,2,1.017995,simulation (truth)
sim_0070,3,7.423441,simulation (truth)
sim_0070,5,0.169671,simulation (truth)
sim_0070,5,0.97561,simulation (truth)
sim_0071,2,60.867607,simulation (truth)
sim_0071,3,18.367715,simulation (truth)
sim_0071,4,201.992985,simulation (truth)
sim_0071,5,3.308591,simulation (truth)
sim_0071,6,2.927288,simulation (truth)
sim_0071,7,24.516678,simulation (truth)
sim_0071,8,71.228585,simulation (truth)
sim_0072,1,13.530958,simulation (truth)
sim_0072,3,47.340347,simulation (truth)
sim_0072,3,3.435993,simulation (truth)
sim_0072,3,6.27811,simulation (truth)
sim_0072,4,9.883319,simulation (truth)
sim_0072,4,62.099481,simulation (truth)
sim_0072,4,6.108146,simulation (truth)
sim_0072,6,101.139931,simulation (truth)
sim_0072,8,6.024097,simulation (truth)
sim_0072,9,49.425345,simulation (truth)
sim_0072,10,2.163323,simulation (truth)
sim_0072,10,6.91415,simulation (truth)
sim_0073,1,2.884343,simulation (truth)
sim_0073,1,14.421711,simulation (truth)
sim_0073,3,7.762798,simulation (truth)
sim_0073,4,33.467548,simulation (truth)
sim_0073,4,47.210876,simulation (truth)
sim_0073,4,2.587479,simulation (truth)
sim_0073,5,10.349949,simulation (truth)
sim_0073,5,3.563097,simulation (truth)
sim_0073,8,77.082989,simulation (truth)
sim_0073,9,105.214468,simulation (truth)
sim_0073,9,5.091023,simulation (truth)
sim_0073,10,0.254508,simulation (truth)
sim_0073,10,2.120904,simulation (truth)
sim_0074,1,4.665848,simulation (truth)
sim_0074,1,2.24809,simulation (truth)
sim_0074,1,4.453763,simulation (truth)
sim_0074,2,3.732648,simulation (truth)
sim_0074,3,4.538904,simulation (truth)
sim_0074,4,2.078466,simulation (truth)
sim_0074,5,1.314953,simulation (truth)
sim_0074,8,62.319709,simulation (truth)
sim_0074,9,2.715212,simulation (truth)
sim_0075,1,26.595331,simulation (truth)
sim_0075,1,28.20717,simulation (truth)
sim_0075,3,2.078563,simulation (truth)
sim_0075,3,34.953804,simulation (truth)
sim_0075,3,4.411646,simulation (truth)
sim_0075,5,36.564166,simulation (truth)
sim_0075,5,27.232243,simulation (truth)
sim_0075,7,85.638707,simulation (truth)
sim_0075,7,6.192794,simulation (truth)
sim_0075,8,146.996455,simulation (truth)
sim_0075,9,4.539495,simulation (truth)
sim_0075,10,137.05286,simulation (truth)
sim_0075,10,1.866396,simulation (truth)
sim_0076,1,34.187938,simulation (truth)
sim_0076,2,29.224935,simulation (truth)
sim_0076,2,3.732648,simulation (truth)
sim_0076,8,2.3757,simulation (truth)
sim_0076,10,57.137172,simulation (truth)
sim_0077,1,120.760621,simulation (truth)
sim_0077,3,34.402348,simulation (truth)
sim_0077,4,5.683968,simulation (truth)
sim_0077,4,5.599133,simulation (truth)
sim_0077,6,90.194418,simulation (truth)
sim_0077,9,7.212282,simulation (truth)
sim_0077,9,51.886006,simulation (truth)
sim_0077,9,7.636534,simulation (truth)
sim_0078,2,7.592544,simulation (truth)
sim_0078,3,1.739206,simulation (truth)
sim_0078,4,1.314948,simulation (truth)
sim_0078,5,9.077415,simulation (truth)
sim_0078,9,8.315337,simulation (truth)
sim_0078,10,4.87808,simulation (truth)
sim_0079,1,121.56654,simulation (truth)
sim_0079,1,17.178803,simulation (truth)
sim_0079,1,8.144025,simulation (truth)
sim_0079,2,3.732648,simulation (truth)
sim_0079,3,19.640305,simulation (truth)
sim_0079,3,3.945028,simulation (truth)
sim_0079,3,0.593876,simulation (truth)
sim_0079,4,14.718935,simulation (truth)
sim_0079,6,2.418195,simulation (truth)
sim_0079,8,1.018157,simulation (truth)
sim_0079,8,3.860513,simulation (truth)
sim_0079,10,10.477269,simulation (truth)
sim_0080,1,17.730222,simulation (truth)
sim_0080,1,17.433304,simulation (truth)
sim_0080,2,32.533418,simulation (truth)
sim_0080,3,29.439248,simulation (truth)
sim_0080,4,3.520667,simulation (truth)
sim_0080,4,69.437739,simulation (truth)
sim_0080,5,5.344646,simulation (truth)
sim_0080,6,15.230384,simulation (truth)
sim_0080,6,3.860627,simulation (truth)
sim_0080,8,45.095883,simulation (truth)
sim_0080,10,11.537722,simulation (truth)
sim_0080,10,12.513338,simulation (truth)
sim_0081,1,40.168707,simulation (truth)
sim_0081,2,146.930585,simulation (truth)
sim_0081,3,14.210588,simulation (truth)
sim_0081,4,10.858926,simulation (truth)
sim_0081,4,120.126866,simulation (truth)
sim_0081,5,40.212099,simulation (truth)
sim_0081,8,98.252176,simulation (truth)
sim_0081,9,5.175873,simulation (truth)
sim_0082,2,41.271207,simulation (truth)
sim_0082,3,20.31902,simulation (truth)
sim_0082,6,6.236397,simulation (truth)
sim_0082,8,0.551502,simulation (truth)
sim_0082,9,72.631923,simulation (truth)
sim_0083,1,10.307282,simulation (truth)
sim_0083,2,155.11696,simulation (truth)
sim_0083,5,0.296925,simulation (truth)
sim_0083,6,24.394068999999998,simulation (truth)
sim_0083,6,7.339433,simulation (truth)
sim_0083,8,82.428315,simulation (truth)
sim_0083,9,11.2851,simulation (truth)
sim_0084,1,14.29446,simulation (truth)
sim_0084,2,6.277634,simulation (truth)
sim_0084,2,3.22365,simulation (truth)
sim_0084,3,82.888026,simulation (truth)
sim_0084,4,2.502643,simulation (truth)
sim_0084,4,41.399654,simulation (truth)
sim_0084,4,0,simulation (truth)
sim_0084,6,10.436419,simulation (truth)
sim_0084,8,0.212116,simulation (truth)
sim_0084,9,27.788499,simulation (truth)
sim_0084,10,3.56312,simulation (truth)
sim_0085,1,27.019499,simulation (truth)
sim_0085,1,9.713446,simulation (truth)
sim_0085,3,60.405604,simulation (truth)
sim_0085,4,6.871663,simulation (truth)
sim_0085,4,133.912611,simulation (truth)
sim_0085,5,39.830338,simulation (truth)
sim_0085,6,17.818277,simulation (truth)
sim_0085,7,6.871456,simulation (truth)
sim_0085,9,21.33987,simulation (truth)
sim_0085,10,1.569469,simulation (truth)
sim_0086,1,8.016774,simulation (truth)
sim_0086,1,14.591378,simulation (truth)
sim_0086,3,30.160382,simulation (truth)
sim_0086,3,4.708583,simulation (truth)
sim_0086,5,13.319197,simulation (truth)
sim_0086,7,2.417735,simulation (truth)
sim_0086,7,36.435685,simulation (truth)
sim_0086,8,75.895139,simulation (truth)
sim_0086,8,0.890887,simulation (truth)
sim_0086,9,17.521603,simulation (truth)
sim_0087,1,12.97954,simulation (truth)
sim_0087,1,35.75736,simulation (truth)
sim_0087,2,155.498708,simulation (truth)
sim_0087,3,27.021327,simulation (truth)
sim_0087,3,13.87123,simulation (truth)
sim_0087,4,14.082669,simulation (truth)
sim_0087,4,107.147056,simulation (truth)
sim_0087,5,11.155888,simulation (truth)
sim_0087,6,10.987938,simulation (truth)
sim_0087,7,13.233915,simulation (truth)
sim_0087,8,48.871549,simulation (truth)
sim_0087,9,13.873037,simulation (truth)
sim_0088,1,14.930712,simulation (truth)
sim_0088,1,14.718628,simulation (truth)
sim_0088,3,48.315999,simulation (truth)
sim_0088,3,12.7259,simulation (truth)
sim_0088,3,3.181474,simulation (truth)
sim_0088,3,4.326806,simulation (truth)
sim_0088,4,9.034965,simulation (truth)
sim_0088,4,1.866377,simulation (truth)
sim_0088,5,0,simulation (truth)
sim_0088,6,0.424245,simulation (truth)
sim_0088,9,19.345886,simulation (truth)
sim_0088,9,13.448785,simulation (truth)
sim_0088,10,5.34468,simulation (truth)
sim_0088,10,6.659641,simulation (truth)
sim_0089,1,5.895935,simulation (truth)
sim_0089,1,112.277262,simulation (truth)
sim_0089,1,6.998772,simulation (truth)
sim_0089,2,22.183803,simulation (truth)
sim_0089,2,15.482004,simulation (truth)
sim_0089,2,0.424164,simulation (truth)
sim_0089,3,9.798942,simulation (truth)
sim_0089,5,3.478262,simulation (truth)
sim_0089,5,106.044563,simulation (truth)
sim_0089,5,5.853659,simulation (truth)
sim_0089,6,33.600179,simulation (truth)
sim_0089,7,4.071974,simulation (truth)
sim_0089,7,2.71465,simulation (truth)
sim_0089,8,96.979479,simulation (truth)
sim_0089,9,5.048598,simulation (truth)
sim_0089,10,1.230125,simulation (truth)
sim_0090,1,8.271275,simulation (truth)
sim_0090,1,2.629842,simulation (truth)
sim_0090,2,0.254499,simulation (truth)
sim_0090,3,20.106922,simulation (truth)
sim_0090,4,114.527732,simulation (truth)
sim_0090,5,26.808066,simulation (truth)
sim_0090,6,27.109235,simulation (truth)
sim_0090,6,9.375808,simulation (truth)
sim_0090,10,3.605538,simulation (truth)
sim_0090,10,1.10287,simulation (truth)
sim_0091,1,49.457986,simulation (truth)
sim_0091,1,1.696672,simulation (truth)
sim_0091,2,1.654242,simulation (truth)
sim_0091,3,147.323498,simulation (truth)
sim_0091,3,5.175199,simulation (truth)
sim_0091,4,138.960315,simulation (truth)
sim_0091,5,54.634159,simulation (truth)
sim_0091,8,7.084678,simulation (truth)
sim_0091,9,5.939526,simulation (truth)
sim_0091,10,4.199391,simulation (truth)
sim_0092,1,8.73786,simulation (truth)
sim_0092,1,41.18671,simulation (truth)
sim_0092,3,5.429717,simulation (truth)
sim_0092,3,7.762799,simulation (truth)
sim_0092,4,12.852557,simulation (truth)
sim_0092,4,41.145148,simulation (truth)
sim_0092,7,27.061662,simulation (truth)
sim_0092,7,9.543689,simulation (truth)
sim_0092,8,2.375701,simulation (truth)
sim_0092,8,6.32106,simulation (truth)
sim_0092,9,6.236503,simulation (truth)
sim_0092,9,2.672787,simulation (truth)
sim_0092,10,0.593853,simulation (truth)
sim_0092,10,8.526036,simulation (truth)
sim_0093,1,32.873018,simulation (truth)
sim_0093,2,3.732648,simulation (truth)
sim_0093,4,12.42838,simulation (truth)
sim_0093,4,45.30208,simulation (truth)
sim_0093,5,2.799576,simulation (truth)
sim_0093,6,6.490944,simulation (truth)
sim_0093,8,122.687951,simulation (truth)
sim_0093,8,3.096895,simulation (truth)
sim_0094,1,3.266093,simulation (truth)
sim_0094,1,4.920348,simulation (truth)
sim_0094,1,8.99236,simulation (truth)
sim_0094,2,2.884319,simulation (truth)
sim_0094,2,96.20051,simulation (truth)
sim_0094,3,47.679704,simulation (truth)
sim_0094,4,34.315902,simulation (truth)
sim_0094,4,34.443155,simulation (truth)
sim_0094,4,0.212089,simulation (truth)
sim_0094,5,1.611878,simulation (truth)
sim_0094,5,32.110294,simulation (truth)
sim_0094,7,19.299461,simulation (truth)
sim_0094,8,7.848296,simulation (truth)
sim_0094,8,73.646709,simulation (truth)
sim_0094,9,71.698569,simulation (truth)
sim_0094,9,1.484881,simulation (truth)
sim_0094,9,2.20611,simulation (truth)
sim_0094,10,3.944883,simulation (truth)
sim_0095,1,2.502591,simulation (truth)
sim_0095,1,2.502591,simulation (truth)
sim_0095,2,7.083548,simulation (truth)
sim_0095,3,34.911385,simulation (truth)
sim_0095,4,13.955417,simulation (truth)
sim_0095,4,9.459142,simulation (truth)
sim_0095,5,24.262996,simulation (truth)
sim_0095,6,6.151548,simulation (truth)
sim_0095,6,3.351533,simulation (truth)
sim_0095,9,10.266896,simulation (truth)
sim_0095,9,40.47363,simulation (truth)
sim_0095,9,1.06063,simulation (truth)
sim_0095,10,13.616208,simulation (truth)
sim_0096,1,64.176614,simulation (truth)
sim_0096,1,21.929484,simulation (truth)
sim_0096,1,3.732678,simulation (truth)
sim_0096,2,8.059126,simulation (truth)
sim_0096,3,1.739206,simulation (truth)
sim_0096,4,7.635182,simulation (truth)
sim_0096,8,50.313938,simulation (truth)
sim_0097,2,18.960153,simulation (truth)
sim_0097,3,2.333081,simulation (truth)
sim_0097,3,13.489453,simulation (truth)
sim_0097,4,4.326603,simulation (truth)
sim_0097,5,2.799577,simulation (truth)
sim_0097,6,52.097247,simulation (truth)
sim_0097,6,21.891025,simulation (truth)
sim_0097,8,54.132028,simulation (truth)
sim_0097,9,16.970075,simulation (truth)
sim_0097,10,0.212091,simulation (truth)
sim_0098,1,2.163257,simulation (truth)
sim_0098,1,25.450078,simulation (truth)
sim_0098,2,54.886887,simulation (truth)
sim_0098,2,3.732648,simulation (truth)
sim_0098,3,7.126504,simulation (truth)
sim_0098,3,5.472137,simulation (truth)
sim_0098,3,13.489454,simulation (truth)
sim_0098,4,9.034966,simulation (truth)
sim_0098,5,6.702017,simulation (truth)
sim_0098,6,133.000707,simulation (truth)
sim_0098,6,7.636404,simulation (truth)
sim_0098,7,19.214628,simulation (truth)
sim_0098,8,118.148666,simulation (truth)
sim_0098,9,33.049222,simulation (truth)
sim_0098,10,135.568227,simulation (truth)
sim_0099,2,20.105398,simulation (truth)
sim_0099,2,3.775065,simulation (truth)
sim_0099,3,18.367715,simulation (truth)
sim_0099,5,38.685057,simulation (truth)
sim_0099,6,8.951562,simulation (truth)
sim_0099,7,32.49096,simulation (truth)
sim_0099,7,7.507703,simulation (truth)
sim_0099,8,1.866622,simulation (truth)
sim_0099,9,101.311351,simulation (truth)
sim_0099,10,23.58446,simulation (truth)
sim_0099,10,4.835662,simulation (truth)
sim_0100,2,3.520566,simulation (truth)
sim_0100,2,110.579686,simulation (truth)
sim_0100,2,3.690232,simulation (truth)
sim_0100,3,14.677205,simulation (truth)
sim_0100,5,0.805939,simulation (truth)
sim_0100,5,144.050935,simulation (truth)
sim_0100,6,12.303096,simulation (truth)
sim_0100,7,3.478145,simulation (truth)
sim_0100,8,2.121161,simulation (truth)
sim_0100,9,21.721697,simulation (truth)
sim_0100,10,4.072137,simulation (truth)
sim_0001,1,42.459213,RTIGER (r=8)
sim_0001,1,24.728993,RTIGER (r=8)
sim_0001,3,7.677959,RTIGER (r=8)
sim_0001,6,3.648504,RTIGER (r=8)
sim_0001,7,1.951155,RTIGER (r=8)
sim_0001,7,22.777606,RTIGER (r=8)
sim_0001,8,0.848464,RTIGER (r=8)
sim_0001,10,9.925834,RTIGER (r=8)
sim_0002,2,12.809769,RTIGER (r=8)
sim_0002,3,3.308734,RTIGER (r=8)
sim_0002,3,43.437737,RTIGER (r=8)
sim_0002,4,1.781543,RTIGER (r=8)
sim_0002,5,24.093325,RTIGER (r=8)
sim_0002,5,29.480389,RTIGER (r=8)
sim_0002,8,10.266419,RTIGER (r=8)
sim_0002,9,30.758261,RTIGER (r=8)
sim_0002,10,121.443001,RTIGER (r=8)
sim_0003,1,9.331695,RTIGER (r=8)
sim_0003,1,69.436297,RTIGER (r=8)
sim_0003,1,14.464128,RTIGER (r=8)
sim_0003,2,12.046272,RTIGER (r=8)
sim_0003,2,3.690231,RTIGER (r=8)
sim_0003,4,6.659576,RTIGER (r=8)
sim_0003,6,70.042797,RTIGER (r=8)
sim_0003,6,17.012212,RTIGER (r=8)
sim_0003,6,13.024311,RTIGER (r=8)
sim_0003,7,8.440863,RTIGER (r=8)
sim_0003,8,42.932298,RTIGER (r=8)
sim_0003,10,59.003568,RTIGER (r=8)
sim_0003,10,1.314961,RTIGER (r=8)
sim_0004,1,17.47572,RTIGER (r=8)
sim_0004,1,6.065602,RTIGER (r=8)
sim_0004,2,16.924164,RTIGER (r=8)
sim_0004,3,2.50276,RTIGER (r=8)
sim_0004,3,0.678714,RTIGER (r=8)
sim_0004,4,13.234315,RTIGER (r=8)
sim_0004,6,14.594017,RTIGER (r=8)
sim_0004,7,36.944682,RTIGER (r=8)
sim_0004,8,8.442221,RTIGER (r=8)
sim_0005,1,27.95267,RTIGER (r=8)
sim_0005,1,132.934242,RTIGER (r=8)
sim_0005,1,10.6042,RTIGER (r=8)
sim_0005,3,1.060492,RTIGER (r=8)
sim_0005,3,42.674183,RTIGER (r=8)
sim_0005,4,12.640469,RTIGER (r=8)
sim_0005,4,21.717851,RTIGER (r=8)
sim_0005,5,7.677627,RTIGER (r=8)
sim_0005,5,17.476144,RTIGER (r=8)
sim_0005,5,11.919409,RTIGER (r=8)
sim_0005,5,6.108166,RTIGER (r=8)
sim_0005,7,18.451133,RTIGER (r=8)
sim_0006,2,38.089973,RTIGER (r=8)
sim_0006,3,8.823291,RTIGER (r=8)
sim_0006,4,10.604419,RTIGER (r=8)
sim_0006,4,14.294758,RTIGER (r=8)
sim_0006,5,8.483565,RTIGER (r=8)
sim_0006,5,8.653236,RTIGER (r=8)
sim_0006,6,13.194009,RTIGER (r=8)
sim_0006,7,19.002546,RTIGER (r=8)
sim_0006,8,2.715086,RTIGER (r=8)
sim_0006,8,1.993891,RTIGER (r=8)
sim_0006,8,0.296963,RTIGER (r=8)
sim_0006,9,6.151653,RTIGER (r=8)
sim_0006,10,2.332995,RTIGER (r=8)
sim_0007,1,2.587425,RTIGER (r=8)
sim_0007,2,13.403599,RTIGER (r=8)
sim_0007,4,50.010443,RTIGER (r=8)
sim_0007,5,3.308591,RTIGER (r=8)
sim_0007,5,15.100746,RTIGER (r=8)
sim_0007,6,28.381969,RTIGER (r=8)
sim_0007,7,1.06041,RTIGER (r=8)
sim_0007,9,2.20611,RTIGER (r=8)
sim_0007,9,4.794046,RTIGER (r=8)
sim_0007,10,57.264426,RTIGER (r=8)
sim_0008,2,33.084831,RTIGER (r=8)
sim_0008,2,11.749357,RTIGER (r=8)
sim_0008,3,135.573251,RTIGER (r=8)
sim_0008,4,8.313865,RTIGER (r=8)
sim_0008,4,60.063432,RTIGER (r=8)
sim_0008,5,13.276779,RTIGER (r=8)
sim_0008,6,116.836985,RTIGER (r=8)
sim_0008,7,5.259634,RTIGER (r=8)
sim_0008,8,67.325649,RTIGER (r=8)
sim_0008,10,1.272543,RTIGER (r=8)
sim_0009,1,6.532187,RTIGER (r=8)
sim_0009,2,35.035988,RTIGER (r=8)
sim_0009,3,3.945029,RTIGER (r=8)
sim_0009,5,4.835632,RTIGER (r=8)
sim_0009,5,37.8367,RTIGER (r=8)
sim_0009,5,2.545069,RTIGER (r=8)
sim_0009,7,6.744207,RTIGER (r=8)
sim_0009,8,52.392676,RTIGER (r=8)
sim_0009,9,2.503086,RTIGER (r=8)
sim_0009,9,1.103055,RTIGER (r=8)
sim_0010,1,24.559326,RTIGER (r=8)
sim_0010,1,8.483359,RTIGER (r=8)
sim_0010,2,3.562982,RTIGER (r=8)
sim_0010,3,34.868965,RTIGER (r=8)
sim_0010,6,4.115174,RTIGER (r=8)
sim_0010,7,139.253033,RTIGER (r=8)
sim_0010,9,1.739433,RTIGER (r=8)
sim_0010,9,123.881551,RTIGER (r=8)
sim_0010,10,24.899421,RTIGER (r=8)
sim_0011,1,3.435761,RTIGER (r=8)
sim_0011,1,7.55019,RTIGER (r=8)
sim_0011,1,5.980768,RTIGER (r=8)
sim_0011,2,2.332905,RTIGER (r=8)
sim_0011,3,132.009998,RTIGER (r=8)
sim_0011,4,26.807973,RTIGER (r=8)
sim_0011,4,35.206673,RTIGER (r=8)
sim_0011,5,12.470841,RTIGER (r=8)
sim_0011,8,3.733244,RTIGER (r=8)
sim_0011,9,7.933511,RTIGER (r=8)
sim_0012,2,25.025706,RTIGER (r=8)
sim_0012,2,39.659382,RTIGER (r=8)
sim_0012,3,14.125749,RTIGER (r=8)
sim_0012,4,38.515252,RTIGER (r=8)
sim_0012,5,8.18664,RTIGER (r=8)
sim_0012,5,30.752923,RTIGER (r=8)
sim_0012,6,48.024498,RTIGER (r=8)
sim_0012,6,77.212532,RTIGER (r=8)
sim_0012,7,12.767336,RTIGER (r=8)
sim_0012,8,14.084509,RTIGER (r=8)
sim_0012,9,22.145949,RTIGER (r=8)
sim_0012,9,10.266896,RTIGER (r=8)
sim_0012,9,1.357606,RTIGER (r=8)
sim_0012,10,33.128531,RTIGER (r=8)
sim_0013,1,37.750949,RTIGER (r=8)
sim_0013,2,10.222364,RTIGER (r=8)
sim_0013,3,23.076298,RTIGER (r=8)
sim_0013,3,1.611947,RTIGER (r=8)
sim_0013,4,5.599133,RTIGER (r=8)
sim_0013,5,19.766707,RTIGER (r=8)
sim_0013,5,3.096501,RTIGER (r=8)
sim_0013,6,4.327296,RTIGER (r=8)
sim_0013,6,2.84244,RTIGER (r=8)
sim_0013,10,2.629922,RTIGER (r=8)
sim_0014,1,27.104334,RTIGER (r=8)
sim_0014,1,10.816283,RTIGER (r=8)
sim_0014,1,6.744271,RTIGER (r=8)
sim_0014,2,1.357326,RTIGER (r=8)
sim_0014,3,1.993724,RTIGER (r=8)
sim_0014,3,8.82329,RTIGER (r=8)
sim_0014,4,3.775173,RTIGER (r=8)
sim_0014,5,6.914106,RTIGER (r=8)
sim_0014,5,112.152731,RTIGER (r=8)
sim_0014,6,2.884864,RTIGER (r=8)
sim_0014,6,34.66079,RTIGER (r=8)
sim_0014,7,8.737778,RTIGER (r=8)
sim_0014,8,40.04752,RTIGER (r=8)
sim_0015,1,20.063145,RTIGER (r=8)
sim_0015,1,2.969176,RTIGER (r=8)
sim_0015,2,2.502571,RTIGER (r=8)
sim_0015,2,24.389459,RTIGER (r=8)
sim_0015,4,3.393414,RTIGER (r=8)
sim_0015,5,2.417816,RTIGER (r=8)
sim_0015,5,113.382847,RTIGER (r=8)
sim_0015,6,21.297083,RTIGER (r=8)
sim_0015,7,21.802028,RTIGER (r=8)
sim_0015,7,0.721079,RTIGER (r=8)
sim_0015,8,6.32106,RTIGER (r=8)
sim_0015,8,9.757341,RTIGER (r=8)
sim_0015,9,136.736384,RTIGER (r=8)
sim_0015,10,1.951232,RTIGER (r=8)
sim_0016,1,4.920349,RTIGER (r=8)
sim_0016,2,14.082261,RTIGER (r=8)
sim_0016,3,3.266314,RTIGER (r=8)
sim_0016,4,3.393414,RTIGER (r=8)
sim_0016,8,5.00594,RTIGER (r=8)
sim_0016,9,3.478865,RTIGER (r=8)
sim_0016,10,0.721108,RTIGER (r=8)
sim_0016,10,8.780545,RTIGER (r=8)
sim_0017,1,12.470539,RTIGER (r=8)
sim_0017,1,58.407929,RTIGER (r=8)
sim_0017,2,166.10282,RTIGER (r=8)
sim_0017,3,33.596376,RTIGER (r=8)
sim_0017,5,13.446451,RTIGER (r=8)
sim_0017,8,8.145258,RTIGER (r=8)
sim_0017,8,28.46598,RTIGER (r=8)
sim_0017,9,113.232829,RTIGER (r=8)
sim_0017,9,10.139621,RTIGER (r=8)
sim_0017,10,6.786894,RTIGER (r=8)
sim_0018,1,29.437257,RTIGER (r=8)
sim_0018,2,21.420308,RTIGER (r=8)
sim_0018,3,48.697776,RTIGER (r=8)
sim_0018,3,21.252252,RTIGER (r=8)
sim_0018,4,73.340166,RTIGER (r=8)
sim_0018,5,2.290563,RTIGER (r=8)
sim_0018,7,4.580971,RTIGER (r=8)
sim_0018,8,10.223996,RTIGER (r=8)
sim_0018,9,39.667552,RTIGER (r=8)
sim_0019,1,81.822001,RTIGER (r=8)
sim_0019,2,37.665808,RTIGER (r=8)
sim_0019,2,3.690232,RTIGER (r=8)
sim_0019,3,8.144576,RTIGER (r=8)
sim_0019,4,0.466594,RTIGER (r=8)
sim_0019,5,6.532345,RTIGER (r=8)
sim_0019,5,10.816545,RTIGER (r=8)
sim_0019,6,28.29712,RTIGER (r=8)
sim_0019,6,4.284872,RTIGER (r=8)
sim_0019,9,14.042738,RTIGER (r=8)
sim_0019,9,1.781858,RTIGER (r=8)
sim_0019,9,6.363778,RTIGER (r=8)
sim_0020,1,79.785995,RTIGER (r=8)
sim_0020,2,2.799486,RTIGER (r=8)
sim_0020,2,3.435733,RTIGER (r=8)
sim_0020,3,8.271835,RTIGER (r=8)
sim_0020,5,140.742345,RTIGER (r=8)
sim_0020,7,101.417606,RTIGER (r=8)
sim_0020,7,43.264725,RTIGER (r=8)
sim_0020,8,11.878501,RTIGER (r=8)
sim_0020,9,0.424252,RTIGER (r=8)
sim_0020,10,5.429516,RTIGER (r=8)
sim_0021,1,78.852826,RTIGER (r=8)
sim_0021,2,18.451156,RTIGER (r=8)
sim_0021,2,173.992281,RTIGER (r=8)
sim_0021,3,1.102911,RTIGER (r=8)
sim_0021,3,29.14231,RTIGER (r=8)
sim_0021,4,97.56066,RTIGER (r=8)
sim_0021,4,21.293674,RTIGER (r=8)
sim_0021,6,3.139411,RTIGER (r=8)
sim_0021,8,11.030037,RTIGER (r=8)
sim_0021,8,47.980661,RTIGER (r=8)
sim_0021,10,12.046738,RTIGER (r=8)
sim_0022,1,45.301139,RTIGER (r=8)
sim_0022,3,72.961825,RTIGER (r=8)
sim_0022,3,17.689,RTIGER (r=8)
sim_0022,4,120.720713,RTIGER (r=8)
sim_0022,4,0.933189,RTIGER (r=8)
sim_0022,5,20.699898,RTIGER (r=8)
sim_0022,6,8.400045,RTIGER (r=8)
sim_0022,7,13.912578,RTIGER (r=8)
sim_0022,7,1.823905,RTIGER (r=8)
sim_0022,8,46.835234,RTIGER (r=8)
sim_0022,9,93.462691,RTIGER (r=8)
sim_0022,9,2.418236,RTIGER (r=8)
sim_0022,10,115.674141,RTIGER (r=8)
sim_0023,2,113.167091,RTIGER (r=8)
sim_0023,5,7.932134,RTIGER (r=8)
sim_0023,7,1.102827,RTIGER (r=8)
sim_0023,10,111.135405,RTIGER (r=8)
sim_0024,1,10.349699,RTIGER (r=8)
sim_0024,3,14.422686,RTIGER (r=8)
sim_0024,3,33.978152,RTIGER (r=8)
sim_0024,3,14.804463,RTIGER (r=8)
sim_0024,6,96.897484,RTIGER (r=8)
sim_0024,7,10.646516,RTIGER (r=8)
sim_0024,8,2.418124,RTIGER (r=8)
sim_0024,9,1.612158,RTIGER (r=8)
sim_0025,1,9.967947,RTIGER (r=8)
sim_0025,1,10.180031,RTIGER (r=8)
sim_0025,2,114.185085,RTIGER (r=8)
sim_0025,2,1.060411,RTIGER (r=8)
sim_0025,3,6.617468,RTIGER (r=8)
sim_0025,5,1.95122,RTIGER (r=8)
sim_0025,5,2.92683,RTIGER (r=8)
sim_0025,6,85.782274,RTIGER (r=8)
sim_0025,6,49.551779,RTIGER (r=8)
sim_0025,8,4.199899,RTIGER (r=8)
sim_0025,9,19.473161,RTIGER (r=8)
sim_0025,10,29.692666,RTIGER (r=8)
sim_0026,1,16.500134,RTIGER (r=8)
sim_0026,1,0.339334,RTIGER (r=8)
sim_0026,1,0.721086,RTIGER (r=8)
sim_0026,2,17.348328,RTIGER (r=8)
sim_0026,4,2.460226,RTIGER (r=8)
sim_0027,1,20.869064,RTIGER (r=8)
sim_0027,2,4.241645,RTIGER (r=8)
sim_0027,3,2.375501,RTIGER (r=8)
sim_0027,4,14.422011,RTIGER (r=8)
sim_0027,4,41.993502,RTIGER (r=8)
sim_0027,5,18.027575,RTIGER (r=8)
sim_0027,5,8.356311,RTIGER (r=8)
sim_0027,6,38.563842,RTIGER (r=8)
sim_0027,7,2.332902,RTIGER (r=8)
sim_0027,7,65.406085,RTIGER (r=8)
sim_0027,7,8.016699,RTIGER (r=8)
sim_0027,8,4.115052,RTIGER (r=8)
sim_0027,8,97.827944,RTIGER (r=8)
sim_0027,9,7.93351,RTIGER (r=8)
sim_0027,9,8.188061,RTIGER (r=8)
sim_0027,10,0.678689,RTIGER (r=8)
sim_0028,2,31.685089,RTIGER (r=8)
sim_0028,3,106.897557,RTIGER (r=8)
sim_0028,3,11.241211,RTIGER (r=8)
sim_0028,4,13.700911,RTIGER (r=8)
sim_0028,5,137.773097,RTIGER (r=8)
sim_0028,5,25.790037,RTIGER (r=8)
sim_0028,7,1.781488,RTIGER (r=8)
sim_0028,8,62.828788,RTIGER (r=8)
sim_0028,10,138.749584,RTIGER (r=8)
sim_0029,1,17.34847,RTIGER (r=8)
sim_0029,2,200.120814,RTIGER (r=8)
sim_0029,4,111.516077,RTIGER (r=8)
sim_0029,6,83.788324,RTIGER (r=8)
sim_0029,6,3.903051,RTIGER (r=8)
sim_0029,10,1.654306,RTIGER (r=8)
sim_0029,10,6.871731,RTIGER (r=8)
sim_0030,3,33.257018,RTIGER (r=8)
sim_0030,4,87.083494,RTIGER (r=8)
sim_0030,5,107.444352,RTIGER (r=8)
sim_0030,6,8.187923,RTIGER (r=8)
sim_0030,6,53.200282,RTIGER (r=8)
sim_0030,6,2.927289,RTIGER (r=8)
sim_0030,7,2.332902,RTIGER (r=8)
sim_0030,7,10.222352,RTIGER (r=8)
sim_0030,9,9.418392,RTIGER (r=8)
sim_0030,9,47.219235,RTIGER (r=8)
sim_0031,1,14.03996,RTIGER (r=8)
sim_0031,1,11.028368,RTIGER (r=8)
sim_0031,1,13.191623,RTIGER (r=8)
sim_0031,3,39.747227,RTIGER (r=8)
sim_0031,3,2.375501,RTIGER (r=8)
sim_0031,4,10.180243,RTIGER (r=8)
sim_0031,4,119.363348,RTIGER (r=8)
sim_0031,4,3.647921,RTIGER (r=8)
sim_0031,5,2.969248,RTIGER (r=8)
sim_0031,7,2.248069,RTIGER (r=8)
sim_0031,7,21.929277,RTIGER (r=8)
sim_0031,8,8.357375,RTIGER (r=8)
sim_0031,9,66.649971,RTIGER (r=8)
sim_0032,1,33.76377,RTIGER (r=8)
sim_0032,2,91.704367,RTIGER (r=8)
sim_0032,3,72.155851,RTIGER (r=8)
sim_0032,5,4.623543,RTIGER (r=8)
sim_0032,5,9.034997,RTIGER (r=8)
sim_0032,9,7.551684,RTIGER (r=8)
sim_0032,9,13.830611,RTIGER (r=8)
sim_0032,10,25.281184,RTIGER (r=8)
sim_0033,1,26.595331,RTIGER (r=8)
sim_0033,3,11.453309,RTIGER (r=8)
sim_0033,4,138.239214,RTIGER (r=8)
sim_0033,5,6.108167,RTIGER (r=8)
sim_0033,7,18.748048,RTIGER (r=8)
sim_0033,8,81.537428,RTIGER (r=8)
sim_0033,9,2.672787,RTIGER (r=8)
sim_0033,10,1.399797,RTIGER (r=8)
sim_0034,1,117.961112,RTIGER (r=8)
sim_0034,3,61.084318,RTIGER (r=8)
sim_0034,3,17.689001,RTIGER (r=8)
sim_0034,4,39.236353,RTIGER (r=8)
sim_0034,5,153.849452,RTIGER (r=8)
sim_0034,5,2.417816,RTIGER (r=8)
sim_0035,1,64.982533,RTIGER (r=8)
sim_0035,2,20.487146,RTIGER (r=8)
sim_0035,4,13.319151,RTIGER (r=8)
sim_0035,4,125.34424,RTIGER (r=8)
sim_0035,5,3.944858,RTIGER (r=8)
sim_0035,6,0.593943,RTIGER (r=8)
sim_0035,6,6.957613,RTIGER (r=8)
sim_0035,7,9.628522,RTIGER (r=8)
sim_0035,10,84.751351,RTIGER (r=8)
sim_0036,2,8.440874,RTIGER (r=8)
sim_0036,4,11.919367,RTIGER (r=8)
sim_0036,4,41.060313,RTIGER (r=8)
sim_0036,5,32.492054,RTIGER (r=8)
sim_0036,6,1.569705,RTIGER (r=8)
sim_0036,6,4.115173,RTIGER (r=8)
sim_0036,6,13.787952,RTIGER (r=8)
sim_0036,8,2.50297,RTIGER (r=8)
sim_0036,8,19.811643,RTIGER (r=8)
sim_0036,9,0.466677,RTIGER (r=8)
sim_0036,9,1.612157,RTIGER (r=8)
sim_0036,9,16.588249,RTIGER (r=8)
sim_0037,1,16.457717,RTIGER (r=8)
sim_0037,1,26.977083,RTIGER (r=8)
sim_0037,2,36.520564,RTIGER (r=8)
sim_0037,3,166.539607,RTIGER (r=8)
sim_0037,4,148.461875,RTIGER (r=8)
sim_0037,5,3.987276,RTIGER (r=8)
sim_0037,5,32.916232,RTIGER (r=8)
sim_0037,6,9.96975,RTIGER (r=8)
sim_0037,7,36.223603,RTIGER (r=8)
sim_0037,7,1.526991,RTIGER (r=8)
sim_0037,8,93.03412,RTIGER (r=8)
sim_0037,9,2.078834,RTIGER (r=8)
sim_0037,10,52.386346,RTIGER (r=8)
sim_0038,1,9.628613,RTIGER (r=8)
sim_0038,2,10.985861,RTIGER (r=8)
sim_0038,3,0.848394,RTIGER (r=8)
sim_0038,4,3.266161,RTIGER (r=8)
sim_0038,4,22.099611,RTIGER (r=8)
sim_0038,4,3.223743,RTIGER (r=8)
sim_0038,5,2.16331,RTIGER (r=8)
sim_0038,5,162.375436,RTIGER (r=8)
sim_0038,6,115.946071,RTIGER (r=8)
sim_0038,7,14.972988,RTIGER (r=8)
sim_0038,8,4.454438,RTIGER (r=8)
sim_0038,10,19.681996,RTIGER (r=8)
sim_0039,1,28.419254,RTIGER (r=8)
sim_0039,2,1.696658,RTIGER (r=8)
sim_0039,4,4.19935,RTIGER (r=8)
sim_0039,8,7.975566,RTIGER (r=8)
sim_0039,10,1.823978,RTIGER (r=8)
sim_0039,10,38.303538,RTIGER (r=8)
sim_0040,1,26.849833,RTIGER (r=8)
sim_0040,2,3.690232,RTIGER (r=8)
sim_0040,3,2.54518,RTIGER (r=8)
sim_0040,3,0.975652,RTIGER (r=8)
sim_0040,5,34.443275,RTIGER (r=8)
sim_0040,6,11.9637,RTIGER (r=8)
sim_0040,7,176.579462,RTIGER (r=8)
sim_0040,8,92.779581,RTIGER (r=8)
sim_0040,8,33.387074,RTIGER (r=8)
sim_0041,1,21.038731,RTIGER (r=8)
sim_0041,1,49.076234,RTIGER (r=8)
sim_0041,2,15.948585,RTIGER (r=8)
sim_0041,3,34.19025,RTIGER (r=8)
sim_0041,4,13.488821,RTIGER (r=8)
sim_0041,5,0.636268,RTIGER (r=8)
sim_0041,5,6.023331,RTIGER (r=8)
sim_0041,6,53.073009,RTIGER (r=8)
sim_0041,8,1.484813,RTIGER (r=8)
sim_0041,9,7.000156,RTIGER (r=8)
sim_0041,10,2.502667,RTIGER (r=8)
sim_0041,10,5.896115,RTIGER (r=8)
sim_0042,6,10.818239,RTIGER (r=8)
sim_0042,7,0.933161,RTIGER (r=8)
sim_0042,8,20.151029,RTIGER (r=8)
sim_0042,9,20.830768,RTIGER (r=8)
sim_0043,1,16.118383,RTIGER (r=8)
sim_0043,1,15.270047,RTIGER (r=8)
sim_0043,1,9.458946,RTIGER (r=8)
sim_0043,2,17.433161,RTIGER (r=8)
sim_0043,3,10.647336,RTIGER (r=8)
sim_0043,4,135.694154,RTIGER (r=8)
sim_0043,5,174.549351,RTIGER (r=8)
sim_0043,7,2.290485,RTIGER (r=8)
sim_0043,8,14.76328,RTIGER (r=8)
sim_0044,2,8.313625,RTIGER (r=8)
sim_0044,2,26.001284,RTIGER (r=8)
sim_0044,3,2.078564,RTIGER (r=8)
sim_0044,3,21.124994,RTIGER (r=8)
sim_0044,5,1.399788,RTIGER (r=8)
sim_0044,5,13.616122,RTIGER (r=8)
sim_0044,7,7.42287,RTIGER (r=8)
sim_0044,8,9.375531,RTIGER (r=8)
sim_0044,10,2.036069,RTIGER (r=8)
sim_0045,1,10.222448,RTIGER (r=8)
sim_0045,4,2.757149,RTIGER (r=8)
sim_0045,5,202.842041,RTIGER (r=8)
sim_0045,6,9.333383,RTIGER (r=8)
sim_0045,6,1.442432,RTIGER (r=8)
sim_0045,7,40.465243,RTIGER (r=8)
sim_0045,10,110.838478,RTIGER (r=8)
sim_0046,1,27.316417,RTIGER (r=8)
sim_0046,1,15.057963,RTIGER (r=8)
sim_0046,3,3.223895,RTIGER (r=8)
sim_0046,6,114.927884,RTIGER (r=8)
sim_0046,7,9.925437,RTIGER (r=8)
sim_0046,9,2.630362,RTIGER (r=8)
sim_0046,10,53.149871,RTIGER (r=8)
sim_0047,1,2.078423,RTIGER (r=8)
sim_0047,2,11.622108,RTIGER (r=8)
sim_0047,4,4.962868,RTIGER (r=8)
sim_0047,7,17.30589,RTIGER (r=8)
sim_0047,9,3.054614,RTIGER (r=8)
sim_0047,10,2.036068,RTIGER (r=8)
sim_0048,1,5.853518,RTIGER (r=8)
sim_0048,1,14.973129,RTIGER (r=8)
sim_0048,1,5.641434,RTIGER (r=8)
sim_0048,3,40.977397,RTIGER (r=8)
sim_0048,3,3.77535,RTIGER (r=8)
sim_0048,4,133.827776,RTIGER (r=8)
sim_0049,1,48.567232,RTIGER (r=8)
sim_0049,1,37.157114,RTIGER (r=8)
sim_0049,2,0.848329,RTIGER (r=8)
sim_0049,3,53.024581,RTIGER (r=8)
sim_0049,3,0.551456,RTIGER (r=8)
sim_0049,4,6.362652,RTIGER (r=8)
sim_0049,5,8.101804,RTIGER (r=8)
sim_0049,5,24.008489,RTIGER (r=8)
sim_0049,7,1.442157,RTIGER (r=8)
sim_0049,7,1.18766,RTIGER (r=8)
sim_0049,8,45.8595,RTIGER (r=8)
sim_0049,9,19.558012,RTIGER (r=8)
sim_0050,1,5.68385,RTIGER (r=8)
sim_0050,2,5.811054,RTIGER (r=8)
sim_0050,3,21.761288,RTIGER (r=8)
sim_0050,4,147.019674,RTIGER (r=8)
sim_0050,6,30.885013,RTIGER (r=8)
sim_0050,7,4.326473,RTIGER (r=8)
sim_0050,8,128.542355,RTIGER (r=8)
sim_0050,9,65.716618,RTIGER (r=8)
sim_0050,9,9.800219,RTIGER (r=8)
sim_0050,10,80.806468,RTIGER (r=8)
sim_0051,1,60.698437,RTIGER (r=8)
sim_0051,1,14.930712,RTIGER (r=8)
sim_0051,2,7.338046,RTIGER (r=8)
sim_0051,2,101.544982,RTIGER (r=8)
sim_0051,4,3.138908,RTIGER (r=8)
sim_0051,4,0.296923,RTIGER (r=8)
sim_0051,4,14.464428,RTIGER (r=8)
sim_0051,6,6.151548,RTIGER (r=8)
sim_0051,7,127.037111,RTIGER (r=8)
sim_0051,8,33.811305,RTIGER (r=8)
sim_0051,8,7.042254,RTIGER (r=8)
sim_0051,9,1.569732,RTIGER (r=8)
sim_0051,10,0.975616,RTIGER (r=8)
sim_0052,1,2.799509,RTIGER (r=8)
sim_0052,1,28.164754,RTIGER (r=8)
sim_0052,6,14.848564,RTIGER (r=8)
sim_0052,7,107.228653,RTIGER (r=8)
sim_0052,9,5.897101,RTIGER (r=8)
sim_0052,10,11.707394,RTIGER (r=8)
sim_0053,3,4.581324,RTIGER (r=8)
sim_0053,3,128.277069,RTIGER (r=8)
sim_0053,3,42.122728,RTIGER (r=8)
sim_0053,4,5.429463,RTIGER (r=8)
sim_0053,4,8.144195,RTIGER (r=8)
sim_0053,5,11.664902,RTIGER (r=8)
sim_0053,7,6.447293,RTIGER (r=8)
sim_0053,9,3.26674,RTIGER (r=8)
sim_0053,10,12.68301,RTIGER (r=8)
sim_0054,1,35.163524,RTIGER (r=8)
sim_0054,1,11.537368,RTIGER (r=8)
sim_0054,2,11.155527,RTIGER (r=8)
sim_0054,3,6.871985,RTIGER (r=8)
sim_0054,3,12.68348,RTIGER (r=8)
sim_0054,5,34.061514,RTIGER (r=8)
sim_0054,9,17.097351,RTIGER (r=8)
sim_0054,9,0.381827,RTIGER (r=8)
sim_0054,10,4.962917,RTIGER (r=8)
sim_0054,10,1.569469,RTIGER (r=8)
sim_0055,1,36.987447,RTIGER (r=8)
sim_0055,2,9.7982,RTIGER (r=8)
sim_0055,3,162.043122,RTIGER (r=8)
sim_0055,3,12.047185,RTIGER (r=8)
sim_0055,4,2.969237,RTIGER (r=8)
sim_0055,5,169.119869,RTIGER (r=8)
sim_0055,7,6.998705,RTIGER (r=8)
sim_0055,8,77.040566,RTIGER (r=8)
sim_0055,8,10.351265,RTIGER (r=8)
sim_0055,9,109.414562,RTIGER (r=8)
sim_0055,10,37.455176,RTIGER (r=8)
sim_0056,1,14.761046,RTIGER (r=8)
sim_0056,1,10.98595,RTIGER (r=8)
sim_0056,3,23.839852,RTIGER (r=8)
sim_0056,4,15.567288,RTIGER (r=8)
sim_0056,4,105.153425,RTIGER (r=8)
sim_0056,4,5.471881,RTIGER (r=8)
sim_0056,4,3.011655,RTIGER (r=8)
sim_0056,5,108.377544,RTIGER (r=8)
sim_0056,8,40.85356,RTIGER (r=8)
sim_0056,9,81.159386,RTIGER (r=8)
sim_0056,9,2.715212,RTIGER (r=8)
sim_0056,10,78.134128,RTIGER (r=8)
sim_0056,10,7.253494,RTIGER (r=8)
sim_0057,1,49.245901,RTIGER (r=8)
sim_0057,1,26.001497,RTIGER (r=8)
sim_0057,1,51.154657,RTIGER (r=8)
sim_0057,2,1.951157,RTIGER (r=8)
sim_0057,4,12.470797,RTIGER (r=8)
sim_0057,4,51.495061,RTIGER (r=8)
sim_0057,4,1.82396,RTIGER (r=8)
sim_0057,5,4.538707,RTIGER (r=8)
sim_0057,8,8.44222,RTIGER (r=8)
sim_0057,8,14.296625,RTIGER (r=8)
sim_0057,9,22.824752,RTIGER (r=8)
sim_0057,9,23.079303,RTIGER (r=8)
sim_0058,1,15.821466,RTIGER (r=8)
sim_0058,1,13.743042,RTIGER (r=8)
sim_0058,5,104.729611,RTIGER (r=8)
sim_0058,6,36.060798,RTIGER (r=8)
sim_0058,7,2.714649,RTIGER (r=8)
sim_0058,8,81.537427,RTIGER (r=8)
sim_0058,10,126.490755,RTIGER (r=8)
sim_0059,1,233.46205,RTIGER (r=8)
sim_0059,4,11.622444,RTIGER (r=8)
sim_0059,5,32.110294,RTIGER (r=8)
sim_0059,5,3.817604,RTIGER (r=8)
sim_0059,6,128.927958,RTIGER (r=8)
sim_0059,6,9.842476,RTIGER (r=8)
sim_0059,7,7.592536,RTIGER (r=8)
sim_0059,7,8.271198,RTIGER (r=8)
sim_0060,1,7.422939,RTIGER (r=8)
sim_0060,1,18.027138,RTIGER (r=8)
sim_0060,2,25.958868,RTIGER (r=8)
sim_0060,3,179.477605,RTIGER (r=8)
sim_0060,4,105.492766,RTIGER (r=8)
sim_0060,5,11.876991,RTIGER (r=8)
sim_0060,5,5.090139,RTIGER (r=8)
sim_0060,6,73.436754,RTIGER (r=8)
sim_0060,9,3.43644,RTIGER (r=8)
sim_0060,10,124.624358,RTIGER (r=8)
sim_0061,1,1.230087,RTIGER (r=8)
sim_0061,1,41.907795,RTIGER (r=8)
sim_0061,2,8.61054,RTIGER (r=8)
sim_0061,3,2.46034,RTIGER (r=8)
sim_0061,4,4.58111,RTIGER (r=8)
sim_0061,4,21.251257,RTIGER (r=8)
sim_0061,4,2.926819,RTIGER (r=8)
sim_0061,5,1.823967,RTIGER (r=8)
sim_0061,7,20.571952,RTIGER (r=8)
sim_0061,7,4.326473,RTIGER (r=8)
sim_0061,7,0.975577,RTIGER (r=8)
sim_0061,9,114.802561,RTIGER (r=8)
sim_0061,10,9.925834,RTIGER (r=8)
sim_0062,1,2.757092,RTIGER (r=8)
sim_0062,1,7.67744,RTIGER (r=8)
sim_0062,5,42.969257,RTIGER (r=8)
sim_0062,6,30.206221,RTIGER (r=8)
sim_0062,7,11.07068,RTIGER (r=8)
sim_0063,1,31.727764,RTIGER (r=8)
sim_0063,4,2.629896,RTIGER (r=8)
sim_0063,6,38.733539,RTIGER (r=8)
sim_0063,6,10.012174,RTIGER (r=8)
sim_0063,7,86.529451,RTIGER (r=8)
sim_0063,8,10.648228,RTIGER (r=8)
sim_0063,9,125.366433,RTIGER (r=8)
sim_0063,10,86.023894,RTIGER (r=8)
sim_0064,1,28.631337,RTIGER (r=8)
sim_0064,1,31.049095,RTIGER (r=8)
sim_0064,2,126.91002,RTIGER (r=8)
sim_0064,2,3.520565,RTIGER (r=8)
sim_0064,4,13.403986,RTIGER (r=8)
sim_0064,4,41.145148,RTIGER (r=8)
sim_0064,6,12.260671,RTIGER (r=8)
sim_0064,7,37.708178,RTIGER (r=8)
sim_0064,7,0.678662,RTIGER (r=8)
sim_0064,8,20.744954,RTIGER (r=8)
sim_0064,9,2.715212,RTIGER (r=8)
sim_0064,9,5.812251,RTIGER (r=8)
sim_0064,10,108.293392,RTIGER (r=8)
sim_0064,10,7.380749,RTIGER (r=8)
sim_0065,1,16.584968,RTIGER (r=8)
sim_0065,1,30.370427,RTIGER (r=8)
sim_0065,2,13.912595,RTIGER (r=8)
sim_0065,3,53.703296,RTIGER (r=8)
sim_0065,3,5.981173,RTIGER (r=8)
sim_0065,4,116.182022,RTIGER (r=8)
sim_0065,4,62.650911,RTIGER (r=8)
sim_0065,5,16.330863,RTIGER (r=8)
sim_0065,7,85.723539,RTIGER (r=8)
sim_0065,8,51.841174,RTIGER (r=8)
sim_0065,8,1.484812,RTIGER (r=8)
sim_0066,2,16.542416,RTIGER (r=8)
sim_0066,3,10.307978,RTIGER (r=8)
sim_0066,3,6.108432,RTIGER (r=8)
sim_0066,4,156.393981,RTIGER (r=8)
sim_0066,7,99.084704,RTIGER (r=8)
sim_0066,7,7.634952,RTIGER (r=8)
sim_0066,8,19.302565,RTIGER (r=8)
sim_0066,8,40.005096,RTIGER (r=8)
sim_0066,9,6.660755,RTIGER (r=8)
sim_0066,9,6.660754,RTIGER (r=8)
sim_0067,1,15.863882,RTIGER (r=8)
sim_0067,1,14.464128,RTIGER (r=8)
sim_0067,2,1.230077,RTIGER (r=8)
sim_0067,2,14.167095,RTIGER (r=8)
sim_0067,3,58.666397,RTIGER (r=8)
sim_0067,4,11.452773,RTIGER (r=8)
sim_0067,5,26.72323,RTIGER (r=8)
sim_0067,7,109.858469,RTIGER (r=8)
sim_0067,7,28.715901,RTIGER (r=8)
sim_0067,8,1.781775,RTIGER (r=8)
sim_0068,1,2.672258,RTIGER (r=8)
sim_0068,1,0.509002,RTIGER (r=8)
sim_0068,2,2.290488,RTIGER (r=8)
sim_0068,3,12.598641,RTIGER (r=8)
sim_0068,3,2.545179,RTIGER (r=8)
sim_0068,4,148.589127,RTIGER (r=8)
sim_0068,4,5.768805,RTIGER (r=8)
sim_0068,4,1.060441,RTIGER (r=8)
sim_0068,5,2.92683,RTIGER (r=8)
sim_0068,6,0.848489,RTIGER (r=8)
sim_0068,7,93.570573,RTIGER (r=8)
sim_0068,8,3.436281,RTIGER (r=8)
sim_0068,8,8.866453,RTIGER (r=8)
sim_0068,9,13.066958,RTIGER (r=8)
sim_0068,9,67.837877,RTIGER (r=8)
sim_0068,9,2.672787,RTIGER (r=8)
sim_0068,10,1.272543,RTIGER (r=8)
sim_0069,1,3.308511,RTIGER (r=8)
sim_0069,1,21.081148,RTIGER (r=8)
sim_0069,1,36.011861,RTIGER (r=8)
sim_0069,2,4.411311,RTIGER (r=8)
sim_0069,3,4.496485,RTIGER (r=8)
sim_0069,4,40.466465,RTIGER (r=8)
sim_0069,5,1.018028,RTIGER (r=8)
sim_0069,5,14.082718,RTIGER (r=8)
sim_0069,7,19.681208,RTIGER (r=8)
sim_0069,8,13.066352,RTIGER (r=8)
sim_0069,9,2.248535,RTIGER (r=8)
sim_0070,1,52.851329,RTIGER (r=8)
sim_0070,3,7.338603,RTIGER (r=8)
sim_0070,5,0.551432,RTIGER (r=8)
sim_0071,2,60.740358,RTIGER (r=8)
sim_0071,3,18.155616,RTIGER (r=8)
sim_0071,4,201.992985,RTIGER (r=8)
sim_0071,5,3.181337,RTIGER (r=8)
sim_0071,6,2.800014,RTIGER (r=8)
sim_0071,7,24.389429,RTIGER (r=8)
sim_0071,8,70.76193,RTIGER (r=8)
sim_0072,1,13.191624,RTIGER (r=8)
sim_0072,3,46.534373,RTIGER (r=8)
sim_0072,3,3.435993,RTIGER (r=8)
sim_0072,3,6.27811,RTIGER (r=8)
sim_0072,4,10.307496,RTIGER (r=8)
sim_0072,4,69.013563,RTIGER (r=8)
sim_0072,6,101.012658,RTIGER (r=8)
sim_0072,8,6.405906,RTIGER (r=8)
sim_0072,9,49.340494,RTIGER (r=8)
sim_0072,10,1.78156,RTIGER (r=8)
sim_0072,10,6.193041,RTIGER (r=8)
sim_0073,1,2.672258,RTIGER (r=8)
sim_0073,1,13.827876,RTIGER (r=8)
sim_0073,3,7.508281,RTIGER (r=8)
sim_0073,4,33.000954,RTIGER (r=8)
sim_0073,4,46.829117,RTIGER (r=8)
sim_0073,4,3.011655,RTIGER (r=8)
sim_0073,5,10.180278,RTIGER (r=8)
sim_0073,5,3.647933,RTIGER (r=8)
sim_0073,8,76.404218,RTIGER (r=8)
sim_0073,9,105.087193,RTIGER (r=8)
sim_0073,9,4.666771,RTIGER (r=8)
sim_0073,10,1.951232,RTIGER (r=8)
sim_0074,1,3.987179,RTIGER (r=8)
sim_0074,1,2.672258,RTIGER (r=8)
sim_0074,1,4.453763,RTIGER (r=8)
sim_0074,2,3.732648,RTIGER (r=8)
sim_0074,3,4.496484,RTIGER (r=8)
sim_0074,4,2.078466,RTIGER (r=8)
sim_0074,5,1.314953,RTIGER (r=8)
sim_0074,8,61.768208,RTIGER (r=8)
sim_0074,9,2.460661,RTIGER (r=8)
sim_0075,1,26.34083,RTIGER (r=8)
sim_0075,1,28.037503,RTIGER (r=8)
sim_0075,3,1.696787,RTIGER (r=8)
sim_0075,3,34.529607,RTIGER (r=8)
sim_0075,3,4.326806,RTIGER (r=8)
sim_0075,5,36.47933,RTIGER (r=8)
sim_0075,5,27.020155,RTIGER (r=8)
sim_0075,7,85.172126,RTIGER (r=8)
sim_0075,7,3.690226,RTIGER (r=8)
sim_0075,8,146.826762,RTIGER (r=8)
sim_0075,9,4.412219,RTIGER (r=8)
sim_0075,10,136.840769,RTIGER (r=8)
sim_0075,10,1.399797,RTIGER (r=8)
sim_0076,1,34.103105,RTIGER (r=8)
sim_0076,2,29.182518,RTIGER (r=8)
sim_0076,2,3.690232,RTIGER (r=8)
sim_0076,8,2.121161,RTIGER (r=8)
sim_0076,10,56.755409,RTIGER (r=8)
sim_0077,1,120.209202,RTIGER (r=8)
sim_0077,3,33.850893,RTIGER (r=8)
sim_0077,4,5.047703,RTIGER (r=8)
sim_0077,4,6.914081,RTIGER (r=8)
sim_0077,6,89.218656,RTIGER (r=8)
sim_0077,9,6.957731,RTIGER (r=8)
sim_0077,9,51.122353,RTIGER (r=8)
sim_0077,9,7.551684,RTIGER (r=8)
sim_0078,2,7.507712,RTIGER (r=8)
sim_0078,3,1.696786,RTIGER (r=8)
sim_0078,4,0.848353,RTIGER (r=8)
sim_0078,5,8.483565,RTIGER (r=8)
sim_0078,9,8.315337,RTIGER (r=8)
sim_0078,10,4.87808,RTIGER (r=8)
sim_0079,1,121.184789,RTIGER (r=8)
sim_0079,1,16.712218,RTIGER (r=8)
sim_0079,1,8.059192,RTIGER (r=8)
sim_0079,2,3.732648,RTIGER (r=8)
sim_0079,3,19.300948000000002,RTIGER (r=8)
sim_0079,3,3.860189,RTIGER (r=8)
sim_0079,3,0.466617,RTIGER (r=8)
sim_0079,4,14.591681,RTIGER (r=8)
sim_0079,6,2.163648,RTIGER (r=8)
sim_0079,8,5.599865,RTIGER (r=8)
sim_0079,10,10.307597,RTIGER (r=8)
sim_0080,1,17.518137,RTIGER (r=8)
sim_0080,1,17.34847,RTIGER (r=8)
sim_0080,2,32.533418,RTIGER (r=8)
sim_0080,3,29.311989,RTIGER (r=8)
sim_0080,4,3.350996,RTIGER (r=8)
sim_0080,4,69.225652,RTIGER (r=8)
sim_0080,5,4.835632,RTIGER (r=8)
sim_0080,6,19.260708,RTIGER (r=8)
sim_0080,8,45.095883,RTIGER (r=8)
sim_0080,10,11.36805,RTIGER (r=8)
sim_0080,10,12.386084,RTIGER (r=8)
sim_0081,1,39.786955,RTIGER (r=8)
sim_0081,2,146.803336,RTIGER (r=8)
sim_0081,3,14.210588,RTIGER (r=8)
sim_0081,4,10.731673,RTIGER (r=8)
sim_0081,4,120.084448,RTIGER (r=8)
sim_0081,5,40.042427000000004,RTIGER (r=8)
sim_0081,8,98.04006,RTIGER (r=8)
sim_0081,9,4.878897,RTIGER (r=8)
sim_0082,2,41.059125,RTIGER (r=8)
sim_0082,3,20.446279,RTIGER (r=8)
sim_0082,6,6.109123,RTIGER (r=8)
sim_0082,8,0.339386,RTIGER (r=8)
sim_0082,9,72.462223,RTIGER (r=8)
sim_0083,1,9.883114,RTIGER (r=8)
sim_0083,2,155.286626,RTIGER (r=8)
sim_0083,6,24.139522,RTIGER (r=8)
sim_0083,6,7.127311,RTIGER (r=8)
sim_0083,8,82.131353,RTIGER (r=8)
sim_0083,9,11.2851,RTIGER (r=8)
sim_0084,1,13.743042,RTIGER (r=8)
sim_0084,2,6.150385,RTIGER (r=8)
sim_0084,2,3.096401,RTIGER (r=8)
sim_0084,3,82.591089,RTIGER (r=8)
sim_0084,4,2.163301,RTIGER (r=8)
sim_0084,4,40.466466,RTIGER (r=8)
sim_0084,6,10.35157,RTIGER (r=8)
sim_0084,9,27.703649,RTIGER (r=8)
sim_0084,10,3.520702,RTIGER (r=8)
sim_0085,1,25.450078,RTIGER (r=8)
sim_0085,1,8.016775,RTIGER (r=8)
sim_0085,3,60.108666,RTIGER (r=8)
sim_0085,4,5.599134,RTIGER (r=8)
sim_0085,4,133.064258,RTIGER (r=8)
sim_0085,5,39.448578,RTIGER (r=8)
sim_0085,6,12.133398,RTIGER (r=8)
sim_0085,7,6.447292,RTIGER (r=8)
sim_0085,9,20.703492,RTIGER (r=8)
sim_0085,10,0.636271,RTIGER (r=8)
sim_0086,1,7.719857,RTIGER (r=8)
sim_0086,1,14.209627,RTIGER (r=8)
sim_0086,3,34.699286,RTIGER (r=8)
sim_0086,5,11.11347,RTIGER (r=8)
sim_0086,7,35.926689,RTIGER (r=8)
sim_0086,8,74.664866,RTIGER (r=8)
sim_0086,8,0.763618,RTIGER (r=8)
sim_0086,9,16.800375,RTIGER (r=8)
sim_0087,1,12.894706,RTIGER (r=8)
sim_0087,1,34.824191,RTIGER (r=8)
sim_0087,2,155.116959,RTIGER (r=8)
sim_0087,3,26.809229,RTIGER (r=8)
sim_0087,3,13.743972,RTIGER (r=8)
sim_0087,4,13.955416,RTIGER (r=8)
sim_0087,4,107.147056,RTIGER (r=8)
sim_0087,5,10.774128,RTIGER (r=8)
sim_0087,6,10.606117,RTIGER (r=8)
sim_0087,7,13.106667,RTIGER (r=8)
sim_0087,8,48.786703,RTIGER (r=8)
sim_0087,9,13.703336,RTIGER (r=8)
sim_0088,1,13.318874,RTIGER (r=8)
sim_0088,1,13.997543,RTIGER (r=8)
sim_0088,3,48.103901,RTIGER (r=8)
sim_0088,3,12.216863,RTIGER (r=8)
sim_0088,3,2.969376,RTIGER (r=8)
sim_0088,3,3.73293,RTIGER (r=8)
sim_0088,4,7.465511,RTIGER (r=8)
sim_0088,4,1.527036,RTIGER (r=8)
sim_0088,9,19.13376,RTIGER (r=8)
sim_0088,9,13.321509,RTIGER (r=8)
sim_0088,10,5.217426,RTIGER (r=8)
sim_0088,10,5.047753,RTIGER (r=8)
sim_0089,1,5.5566,RTIGER (r=8)
sim_0089,1,112.150011,RTIGER (r=8)
sim_0089,1,6.235269,RTIGER (r=8)
sim_0089,2,21.844472,RTIGER (r=8)
sim_0089,2,15.354755,RTIGER (r=8)
sim_0089,3,9.798942,RTIGER (r=8)
sim_0089,5,4.156947,RTIGER (r=8)
sim_0089,5,105.790057,RTIGER (r=8)
sim_0089,5,5.811242,RTIGER (r=8)
sim_0089,6,33.51533,RTIGER (r=8)
sim_0089,7,3.690227,RTIGER (r=8)
sim_0089,7,2.544984,RTIGER (r=8)
sim_0089,8,96.809786,RTIGER (r=8)
sim_0089,9,4.709196,RTIGER (r=8)
sim_0089,10,1.187707,RTIGER (r=8)
sim_0090,1,8.144025,RTIGER (r=8)
sim_0090,1,2.417757,RTIGER (r=8)
sim_0090,3,18.367716,RTIGER (r=8)
sim_0090,4,114.145973,RTIGER (r=8)
sim_0090,5,26.680812,RTIGER (r=8)
sim_0090,6,26.68499,RTIGER (r=8)
sim_0090,6,8.909139,RTIGER (r=8)
sim_0090,10,3.266193,RTIGER (r=8)
sim_0090,10,0.551436,RTIGER (r=8)
sim_0091,1,48.736899,RTIGER (r=8)
sim_0091,1,1.611838,RTIGER (r=8)
sim_0091,2,0.805912,RTIGER (r=8)
sim_0091,3,146.941722,RTIGER (r=8)
sim_0091,3,5.005521,RTIGER (r=8)
sim_0091,4,138.154379,RTIGER (r=8)
sim_0091,5,54.252399,RTIGER (r=8)
sim_0091,8,6.151366,RTIGER (r=8)
sim_0091,9,5.430424,RTIGER (r=8)
sim_0091,10,2.88443,RTIGER (r=8)
sim_0092,1,8.398526,RTIGER (r=8)
sim_0092,1,41.017043,RTIGER (r=8)
sim_0092,3,4.793422,RTIGER (r=8)
sim_0092,3,7.550701,RTIGER (r=8)
sim_0092,4,12.810139,RTIGER (r=8)
sim_0092,4,40.975477,RTIGER (r=8)
sim_0092,7,26.807163,RTIGER (r=8)
sim_0092,7,9.246775,RTIGER (r=8)
sim_0092,8,0.636348,RTIGER (r=8)
sim_0092,8,6.19379,RTIGER (r=8)
sim_0092,9,5.812251,RTIGER (r=8)
sim_0092,9,2.333386,RTIGER (r=8)
sim_0092,10,0.466599,RTIGER (r=8)
sim_0092,10,8.526036,RTIGER (r=8)
sim_0093,1,32.703351,RTIGER (r=8)
sim_0093,2,3.393316,RTIGER (r=8)
sim_0093,4,12.385962,RTIGER (r=8)
sim_0093,4,45.13241,RTIGER (r=8)
sim_0093,5,2.629905,RTIGER (r=8)
sim_0093,6,6.406095,RTIGER (r=8)
sim_0093,8,122.518258,RTIGER (r=8)
sim_0093,8,2.842356,RTIGER (r=8)
sim_0094,1,3.096427,RTIGER (r=8)
sim_0094,1,13.615792,RTIGER (r=8)
sim_0094,2,1.993573,RTIGER (r=8)
sim_0094,2,95.309764,RTIGER (r=8)
sim_0094,3,47.467606,RTIGER (r=8)
sim_0094,4,68.080374,RTIGER (r=8)
sim_0094,5,1.442206,RTIGER (r=8)
sim_0094,5,32.067876,RTIGER (r=8)
sim_0094,7,18.281467,RTIGER (r=8)
sim_0094,8,7.042255,RTIGER (r=8)
sim_0094,8,73.392169,RTIGER (r=8)
sim_0094,9,71.019766,RTIGER (r=8)
sim_0094,10,3.351029,RTIGER (r=8)
sim_0095,1,2.24809,RTIGER (r=8)
sim_0095,1,2.502591,RTIGER (r=8)
sim_0095,2,7.041131,RTIGER (r=8)
sim_0095,3,34.656866,RTIGER (r=8)
sim_0095,4,13.912999,RTIGER (r=8)
sim_0095,4,8.865295,RTIGER (r=8)
sim_0095,5,24.093325,RTIGER (r=8)
sim_0095,6,5.897001,RTIGER (r=8)
sim_0095,6,3.096986,RTIGER (r=8)
sim_0095,9,10.13962,RTIGER (r=8)
sim_0095,9,40.346355,RTIGER (r=8)
sim_0095,10,13.531371,RTIGER (r=8)
sim_0096,1,62.819276,RTIGER (r=8)
sim_0096,1,21.250815,RTIGER (r=8)
sim_0096,1,6.150436,RTIGER (r=8)
sim_0096,2,7.422878,RTIGER (r=8)
sim_0096,3,0.805974,RTIGER (r=8)
sim_0096,4,6.405069,RTIGER (r=8)
sim_0096,8,52.18056,RTIGER (r=8)
sim_0097,2,18.790488,RTIGER (r=8)
sim_0097,3,2.290661,RTIGER (r=8)
sim_0097,3,13.447034,RTIGER (r=8)
sim_0097,4,3.478249,RTIGER (r=8)
sim_0097,5,2.460234,RTIGER (r=8)
sim_0097,6,51.969973,RTIGER (r=8)
sim_0097,6,21.891025,RTIGER (r=8)
sim_0097,8,53.919911,RTIGER (r=8)
sim_0097,9,16.757949,RTIGER (r=8)
sim_0098,1,1.230087,RTIGER (r=8)
sim_0098,1,25.110744,RTIGER (r=8)
sim_0098,2,54.377889,RTIGER (r=8)
sim_0098,2,3.308484,RTIGER (r=8)
sim_0098,3,11.41089,RTIGER (r=8)
sim_0098,3,12.810739,RTIGER (r=8)
sim_0098,4,7.635182,RTIGER (r=8)
sim_0098,5,7.21103,RTIGER (r=8)
sim_0098,6,132.831009,RTIGER (r=8)
sim_0098,6,7.509131,RTIGER (r=8)
sim_0098,7,18.3663,RTIGER (r=8)
sim_0098,8,115.985082,RTIGER (r=8)
sim_0098,9,32.45527,RTIGER (r=8)
sim_0098,10,135.398555,RTIGER (r=8)
sim_0099,2,19.808483,RTIGER (r=8)
sim_0099,2,3.520565,RTIGER (r=8)
sim_0099,3,18.240456,RTIGER (r=8)
sim_0099,5,38.685057,RTIGER (r=8)
sim_0099,6,8.866713,RTIGER (r=8)
sim_0099,7,32.066797,RTIGER (r=8)
sim_0099,7,7.295621,RTIGER (r=8)
sim_0099,8,1.145427,RTIGER (r=8)
sim_0099,9,101.0568,RTIGER (r=8)
sim_0099,10,23.414788,RTIGER (r=8)
sim_0099,10,4.750826,RTIGER (r=8)
sim_0100,2,3.011568,RTIGER (r=8)
sim_0100,2,110.155522,RTIGER (r=8)
sim_0100,2,3.520566,RTIGER (r=8)
sim_0100,3,14.337847,RTIGER (r=8)
sim_0100,5,0.721104,RTIGER (r=8)
sim_0100,5,143.499504,RTIGER (r=8)
sim_0100,6,11.794002,RTIGER (r=8)
sim_0100,7,2.841899,RTIGER (r=8)
sim_0100,8,2.121161,RTIGER (r=8)
sim_0100,9,21.721697,RTIGER (r=8)
sim_0100,10,3.944883,RTIGER (r=8)
sim_0001,1,4,wideseq (Kgmm_HMM)
sim_0001,2,4,wideseq (Kgmm_HMM)
sim_0001,3,29,wideseq (Kgmm_HMM)
sim_0001,5,7,wideseq (Kgmm_HMM)
sim_0001,6,16,wideseq (Kgmm_HMM)
sim_0001,6,3,wideseq (Kgmm_HMM)
sim_0001,7,5,wideseq (Kgmm_HMM)
sim_0002,1,96,wideseq (Kgmm_HMM)
sim_0002,2,102,wideseq (Kgmm_HMM)
sim_0002,5,5,wideseq (Kgmm_HMM)
sim_0002,5,19,wideseq (Kgmm_HMM)
sim_0002,7,26,wideseq (Kgmm_HMM)
sim_0003,1,5,wideseq (Kgmm_HMM)
sim_0003,1,100,wideseq (Kgmm_HMM)
sim_0003,1,7,wideseq (Kgmm_HMM)
sim_0003,2,15,wideseq (Kgmm_HMM)
sim_0003,3,10,wideseq (Kgmm_HMM)
sim_0003,4,25,wideseq (Kgmm_HMM)
sim_0003,6,7,wideseq (Kgmm_HMM)
sim_0003,7,4,wideseq (Kgmm_HMM)
sim_0003,8,58,wideseq (Kgmm_HMM)
sim_0003,8,18,wideseq (Kgmm_HMM)
sim_0003,9,14,wideseq (Kgmm_HMM)
sim_0003,9,65,wideseq (Kgmm_HMM)
sim_0004,1,36,wideseq (Kgmm_HMM)
sim_0004,2,64,wideseq (Kgmm_HMM)
sim_0004,3,22,wideseq (Kgmm_HMM)
sim_0004,4,21,wideseq (Kgmm_HMM)
sim_0004,4,5,wideseq (Kgmm_HMM)
sim_0004,5,54,wideseq (Kgmm_HMM)
sim_0005,1,38,wideseq (Kgmm_HMM)
sim_0005,1,70,wideseq (Kgmm_HMM)
sim_0005,1,25,wideseq (Kgmm_HMM)
sim_0005,2,6,wideseq (Kgmm_HMM)
sim_0005,3,20,wideseq (Kgmm_HMM)
sim_0005,3,8,wideseq (Kgmm_HMM)
sim_0005,4,12,wideseq (Kgmm_HMM)
sim_0005,4,12,wideseq (Kgmm_HMM)
sim_0005,6,138,wideseq (Kgmm_HMM)
sim_0005,7,117,wideseq (Kgmm_HMM)
sim_0006,1,10,wideseq (Kgmm_HMM)
sim_0006,1,14,wideseq (Kgmm_HMM)
sim_0006,1,27,wideseq (Kgmm_HMM)
sim_0006,4,59,wideseq (Kgmm_HMM)
sim_0006,5,12,wideseq (Kgmm_HMM)
sim_0006,5,29,wideseq (Kgmm_HMM)
sim_0006,6,6,wideseq (Kgmm_HMM)
sim_0006,7,152,wideseq (Kgmm_HMM)
sim_0006,7,2,wideseq (Kgmm_HMM)
sim_0007,1,4,wideseq (Kgmm_HMM)
sim_0007,1,38,wideseq (Kgmm_HMM)
sim_0007,2,18,wideseq (Kgmm_HMM)
sim_0007,5,45,wideseq (Kgmm_HMM)
sim_0007,6,22,wideseq (Kgmm_HMM)
sim_0007,6,7,wideseq (Kgmm_HMM)
sim_0007,7,15,wideseq (Kgmm_HMM)
sim_0007,8,11,wideseq (Kgmm_HMM)
sim_0007,9,89,wideseq (Kgmm_HMM)
sim_0008,1,82,wideseq (Kgmm_HMM)
sim_0008,1,22,wideseq (Kgmm_HMM)
sim_0008,2,21,wideseq (Kgmm_HMM)
sim_0008,3,31,wideseq (Kgmm_HMM)
sim_0008,7,5,wideseq (Kgmm_HMM)
sim_0008,9,7,wideseq (Kgmm_HMM)
sim_0008,9,8,wideseq (Kgmm_HMM)
sim_0008,10,42,wideseq (Kgmm_HMM)
sim_0009,3,60,wideseq (Kgmm_HMM)
sim_0009,5,17,wideseq (Kgmm_HMM)
sim_0009,6,47,wideseq (Kgmm_HMM)
sim_0009,7,79,wideseq (Kgmm_HMM)
sim_0009,9,16,wideseq (Kgmm_HMM)
sim_0010,2,117,wideseq (Kgmm_HMM)
sim_0010,3,36,wideseq (Kgmm_HMM)
sim_0010,4,14,wideseq (Kgmm_HMM)
sim_0010,6,14,wideseq (Kgmm_HMM)
sim_0010,7,2,wideseq (Kgmm_HMM)
sim_0010,9,81,wideseq (Kgmm_HMM)
sim_0010,10,11,wideseq (Kgmm_HMM)
sim_0010,10,2,wideseq (Kgmm_HMM)
sim_0011,1,3,wideseq (Kgmm_HMM)
sim_0011,1,49,wideseq (Kgmm_HMM)
sim_0011,2,25,wideseq (Kgmm_HMM)
sim_0011,2,8,wideseq (Kgmm_HMM)
sim_0011,3,19,wideseq (Kgmm_HMM)
sim_0011,7,178,wideseq (Kgmm_HMM)
sim_0011,8,4,wideseq (Kgmm_HMM)
sim_0012,1,51,wideseq (Kgmm_HMM)
sim_0012,3,4,wideseq (Kgmm_HMM)
sim_0012,8,103,wideseq (Kgmm_HMM)
sim_0012,9,12,wideseq (Kgmm_HMM)
sim_0012,10,13,wideseq (Kgmm_HMM)
sim_0013,1,7,wideseq (Kgmm_HMM)
sim_0013,3,18,wideseq (Kgmm_HMM)
sim_0013,4,6,wideseq (Kgmm_HMM)
sim_0013,7,41,wideseq (Kgmm_HMM)
sim_0013,9,11,wideseq (Kgmm_HMM)
sim_0013,9,14,wideseq (Kgmm_HMM)
sim_0014,1,113,wideseq (Kgmm_HMM)
sim_0014,1,15,wideseq (Kgmm_HMM)
sim_0014,2,31,wideseq (Kgmm_HMM)
sim_0014,5,58,wideseq (Kgmm_HMM)
sim_0014,7,17,wideseq (Kgmm_HMM)
sim_0014,8,12,wideseq (Kgmm_HMM)
sim_0014,10,7,wideseq (Kgmm_HMM)
sim_0015,1,5,wideseq (Kgmm_HMM)
sim_0015,2,5,wideseq (Kgmm_HMM)
sim_0015,3,3,wideseq (Kgmm_HMM)
sim_0015,7,120,wideseq (Kgmm_HMM)
sim_0015,7,4,wideseq (Kgmm_HMM)
sim_0015,9,5,wideseq (Kgmm_HMM)
sim_0015,9,88,wideseq (Kgmm_HMM)
sim_0016,1,98,wideseq (Kgmm_HMM)
sim_0016,3,58,wideseq (Kgmm_HMM)
sim_0016,6,7,wideseq (Kgmm_HMM)
sim_0016,7,16,wideseq (Kgmm_HMM)
sim_0016,8,46,wideseq (Kgmm_HMM)
sim_0017,1,18,wideseq (Kgmm_HMM)
sim_0017,2,13,wideseq (Kgmm_HMM)
sim_0017,5,5,wideseq (Kgmm_HMM)
sim_0017,6,49,wideseq (Kgmm_HMM)
sim_0017,7,105,wideseq (Kgmm_HMM)
sim_0017,8,80,wideseq (Kgmm_HMM)
sim_0017,10,3,wideseq (Kgmm_HMM)
sim_0017,10,44,wideseq (Kgmm_HMM)
sim_0018,1,7,wideseq (Kgmm_HMM)
sim_0018,4,129,wideseq (Kgmm_HMM)
sim_0018,5,51,wideseq (Kgmm_HMM)
sim_0018,6,4,wideseq (Kgmm_HMM)
sim_0018,6,39,wideseq (Kgmm_HMM)
sim_0018,10,121,wideseq (Kgmm_HMM)
sim_0019,1,8,wideseq (Kgmm_HMM)
sim_0019,1,5,wideseq (Kgmm_HMM)
sim_0019,1,15,wideseq (Kgmm_HMM)
sim_0019,1,20,wideseq (Kgmm_HMM)
sim_0019,2,27,wideseq (Kgmm_HMM)
sim_0019,3,37,wideseq (Kgmm_HMM)
sim_0019,6,4,wideseq (Kgmm_HMM)
sim_0019,7,107,wideseq (Kgmm_HMM)
sim_0019,8,99,wideseq (Kgmm_HMM)
sim_0019,10,4,wideseq (Kgmm_HMM)
sim_0020,1,29,wideseq (Kgmm_HMM)
sim_0020,2,6,wideseq (Kgmm_HMM)
sim_0020,3,5,wideseq (Kgmm_HMM)
sim_0020,4,6,wideseq (Kgmm_HMM)
sim_0020,5,154,wideseq (Kgmm_HMM)
sim_0020,5,8,wideseq (Kgmm_HMM)
sim_0020,6,58,wideseq (Kgmm_HMM)
sim_0020,7,22,wideseq (Kgmm_HMM)
sim_0020,8,12,wideseq (Kgmm_HMM)
sim_0020,8,9,wideseq (Kgmm_HMM)
sim_0020,9,91,wideseq (Kgmm_HMM)
sim_0020,9,8,wideseq (Kgmm_HMM)
sim_0021,1,6,wideseq (Kgmm_HMM)
sim_0021,1,35,wideseq (Kgmm_HMM)
sim_0021,1,8,wideseq (Kgmm_HMM)
sim_0021,2,10,wideseq (Kgmm_HMM)
sim_0021,2,9,wideseq (Kgmm_HMM)
sim_0021,3,7,wideseq (Kgmm_HMM)
sim_0021,3,7,wideseq (Kgmm_HMM)
sim_0021,6,25,wideseq (Kgmm_HMM)
sim_0021,8,20,wideseq (Kgmm_HMM)
sim_0021,9,25,wideseq (Kgmm_HMM)
sim_0021,10,14,wideseq (Kgmm_HMM)
sim_0022,1,4,wideseq (Kgmm_HMM)
sim_0022,4,23,wideseq (Kgmm_HMM)
sim_0022,6,88,wideseq (Kgmm_HMM)
sim_0022,8,2,wideseq (Kgmm_HMM)
sim_0022,10,57,wideseq (Kgmm_HMM)
sim_0023,1,17,wideseq (Kgmm_HMM)
sim_0023,2,7,wideseq (Kgmm_HMM)
sim_0023,5,120,wideseq (Kgmm_HMM)
sim_0023,5,6,wideseq (Kgmm_HMM)
sim_0023,6,30,wideseq (Kgmm_HMM)
sim_0023,6,12,wideseq (Kgmm_HMM)
sim_0023,7,8,wideseq (Kgmm_HMM)
sim_0023,9,23,wideseq (Kgmm_HMM)
sim_0024,1,5,wideseq (Kgmm_HMM)
sim_0024,1,18,wideseq (Kgmm_HMM)
sim_0024,2,172,wideseq (Kgmm_HMM)
sim_0024,3,82,wideseq (Kgmm_HMM)
sim_0024,5,7,wideseq (Kgmm_HMM)
sim_0024,5,192,wideseq (Kgmm_HMM)
sim_0024,7,101,wideseq (Kgmm_HMM)
sim_0024,8,15,wideseq (Kgmm_HMM)
sim_0024,9,6,wideseq (Kgmm_HMM)
sim_0025,2,178,wideseq (Kgmm_HMM)
sim_0025,3,22,wideseq (Kgmm_HMM)
sim_0025,4,24,wideseq (Kgmm_HMM)
sim_0025,5,39,wideseq (Kgmm_HMM)
sim_0025,5,9,wideseq (Kgmm_HMM)
sim_0025,8,6,wideseq (Kgmm_HMM)
sim_0025,8,28,wideseq (Kgmm_HMM)
sim_0025,9,18,wideseq (Kgmm_HMM)
sim_0026,1,6,wideseq (Kgmm_HMM)
sim_0026,2,18,wideseq (Kgmm_HMM)
sim_0026,2,38,wideseq (Kgmm_HMM)
sim_0026,4,11,wideseq (Kgmm_HMM)
sim_0026,4,91,wideseq (Kgmm_HMM)
sim_0026,5,6,wideseq (Kgmm_HMM)
sim_0026,6,20,wideseq (Kgmm_HMM)
sim_0026,7,92,wideseq (Kgmm_HMM)
sim_0026,7,25,wideseq (Kgmm_HMM)
sim_0026,8,5,wideseq (Kgmm_HMM)
sim_0027,1,49,wideseq (Kgmm_HMM)
sim_0027,2,18,wideseq (Kgmm_HMM)
sim_0027,4,9,wideseq (Kgmm_HMM)
sim_0027,7,96,wideseq (Kgmm_HMM)
sim_0027,8,48,wideseq (Kgmm_HMM)
sim_0027,9,18,wideseq (Kgmm_HMM)
sim_0028,2,34,wideseq (Kgmm_HMM)
sim_0028,2,135,wideseq (Kgmm_HMM)
sim_0028,3,19,wideseq (Kgmm_HMM)
sim_0028,4,27,wideseq (Kgmm_HMM)
sim_0028,4,2,wideseq (Kgmm_HMM)
sim_0028,9,6,wideseq (Kgmm_HMM)
sim_0028,10,127,wideseq (Kgmm_HMM)
sim_0029,1,14,wideseq (Kgmm_HMM)
sim_0029,2,24,wideseq (Kgmm_HMM)
sim_0029,3,14,wideseq (Kgmm_HMM)
sim_0029,4,9,wideseq (Kgmm_HMM)
sim_0029,6,3,wideseq (Kgmm_HMM)
sim_0029,7,28,wideseq (Kgmm_HMM)
sim_0029,9,106,wideseq (Kgmm_HMM)
sim_0029,10,71,wideseq (Kgmm_HMM)
sim_0030,1,3,wideseq (Kgmm_HMM)
sim_0030,2,28,wideseq (Kgmm_HMM)
sim_0030,3,12,wideseq (Kgmm_HMM)
sim_0030,4,113,wideseq (Kgmm_HMM)
sim_0030,4,12,wideseq (Kgmm_HMM)
sim_0030,7,22,wideseq (Kgmm_HMM)
sim_0030,8,116,wideseq (Kgmm_HMM)
sim_0030,10,136,wideseq (Kgmm_HMM)
sim_0031,1,77,wideseq (Kgmm_HMM)
sim_0031,1,23,wideseq (Kgmm_HMM)
sim_0031,1,20,wideseq (Kgmm_HMM)
sim_0031,5,99,wideseq (Kgmm_HMM)
sim_0031,6,5,wideseq (Kgmm_HMM)
sim_0031,9,8,wideseq (Kgmm_HMM)
sim_0032,2,20,wideseq (Kgmm_HMM)
sim_0032,3,6,wideseq (Kgmm_HMM)
sim_0032,4,36,wideseq (Kgmm_HMM)
sim_0032,4,16,wideseq (Kgmm_HMM)
sim_0032,5,7,wideseq (Kgmm_HMM)
sim_0032,9,7,wideseq (Kgmm_HMM)
sim_0032,10,131,wideseq (Kgmm_HMM)
sim_0033,1,11,wideseq (Kgmm_HMM)
sim_0033,2,4,wideseq (Kgmm_HMM)
sim_0033,3,26,wideseq (Kgmm_HMM)
sim_0033,4,153,wideseq (Kgmm_HMM)
sim_0033,4,5,wideseq (Kgmm_HMM)
sim_0033,6,7,wideseq (Kgmm_HMM)
sim_0033,9,6,wideseq (Kgmm_HMM)
sim_0034,1,20,wideseq (Kgmm_HMM)
sim_0034,2,44,wideseq (Kgmm_HMM)
sim_0034,3,6,wideseq (Kgmm_HMM)
sim_0034,3,26,wideseq (Kgmm_HMM)
sim_0034,4,5,wideseq (Kgmm_HMM)
sim_0034,9,5,wideseq (Kgmm_HMM)
sim_0034,10,10,wideseq (Kgmm_HMM)
sim_0034,10,11,wideseq (Kgmm_HMM)
sim_0035,2,12,wideseq (Kgmm_HMM)
sim_0035,3,13,wideseq (Kgmm_HMM)
sim_0035,4,132,wideseq (Kgmm_HMM)
sim_0035,6,43,wideseq (Kgmm_HMM)
sim_0035,7,144,wideseq (Kgmm_HMM)
sim_0035,7,3,wideseq (Kgmm_HMM)
sim_0035,8,13,wideseq (Kgmm_HMM)
sim_0035,8,57,wideseq (Kgmm_HMM)
sim_0036,1,24,wideseq (Kgmm_HMM)
sim_0036,1,5,wideseq (Kgmm_HMM)
sim_0036,4,5,wideseq (Kgmm_HMM)
sim_0036,4,2,wideseq (Kgmm_HMM)
sim_0036,5,209,wideseq (Kgmm_HMM)
sim_0036,6,14,wideseq (Kgmm_HMM)
sim_0036,7,34,wideseq (Kgmm_HMM)
sim_0036,8,117,wideseq (Kgmm_HMM)
sim_0037,2,10,wideseq (Kgmm_HMM)
sim_0037,4,59,wideseq (Kgmm_HMM)
sim_0037,4,156,wideseq (Kgmm_HMM)
sim_0037,6,28,wideseq (Kgmm_HMM)
sim_0037,9,12,wideseq (Kgmm_HMM)
sim_0037,10,4,wideseq (Kgmm_HMM)
sim_0038,1,96,wideseq (Kgmm_HMM)
sim_0038,1,15,wideseq (Kgmm_HMM)
sim_0038,3,67,wideseq (Kgmm_HMM)
sim_0038,5,31,wideseq (Kgmm_HMM)
sim_0038,6,21,wideseq (Kgmm_HMM)
sim_0038,8,9,wideseq (Kgmm_HMM)
sim_0038,9,3,wideseq (Kgmm_HMM)
sim_0039,1,7,wideseq (Kgmm_HMM)
sim_0039,1,113,wideseq (Kgmm_HMM)
sim_0039,4,33,wideseq (Kgmm_HMM)
sim_0039,5,7,wideseq (Kgmm_HMM)
sim_0039,6,19,wideseq (Kgmm_HMM)
sim_0039,7,5,wideseq (Kgmm_HMM)
sim_0040,1,26,wideseq (Kgmm_HMM)
sim_0040,1,24,wideseq (Kgmm_HMM)
sim_0040,3,63,wideseq (Kgmm_HMM)
sim_0040,3,31,wideseq (Kgmm_HMM)
sim_0040,5,12,wideseq (Kgmm_HMM)
sim_0040,5,14,wideseq (Kgmm_HMM)
sim_0040,6,83,wideseq (Kgmm_HMM)
sim_0040,7,32,wideseq (Kgmm_HMM)
sim_0040,9,112,wideseq (Kgmm_HMM)
sim_0040,10,8,wideseq (Kgmm_HMM)
sim_0040,10,8,wideseq (Kgmm_HMM)
sim_0041,1,7,wideseq (Kgmm_HMM)
sim_0041,1,3,wideseq (Kgmm_HMM)
sim_0041,2,11,wideseq (Kgmm_HMM)
sim_0041,5,102,wideseq (Kgmm_HMM)
sim_0041,6,6,wideseq (Kgmm_HMM)
sim_0041,10,51,wideseq (Kgmm_HMM)
sim_0042,1,24,wideseq (Kgmm_HMM)
sim_0042,1,120,wideseq (Kgmm_HMM)
sim_0042,1,73,wideseq (Kgmm_HMM)
sim_0042,1,4,wideseq (Kgmm_HMM)
sim_0042,3,94,wideseq (Kgmm_HMM)
sim_0042,3,14,wideseq (Kgmm_HMM)
sim_0042,5,124,wideseq (Kgmm_HMM)
sim_0042,6,10,wideseq (Kgmm_HMM)
sim_0042,8,65,wideseq (Kgmm_HMM)
sim_0043,1,113,wideseq (Kgmm_HMM)
sim_0043,2,8,wideseq (Kgmm_HMM)
sim_0043,2,10,wideseq (Kgmm_HMM)
sim_0043,3,30,wideseq (Kgmm_HMM)
sim_0043,3,11,wideseq (Kgmm_HMM)
sim_0043,3,6,wideseq (Kgmm_HMM)
sim_0043,5,7,wideseq (Kgmm_HMM)
sim_0043,6,6,wideseq (Kgmm_HMM)
sim_0043,8,122,wideseq (Kgmm_HMM)
sim_0043,9,14,wideseq (Kgmm_HMM)
sim_0044,1,14,wideseq (Kgmm_HMM)
sim_0044,2,7,wideseq (Kgmm_HMM)
sim_0044,3,16,wideseq (Kgmm_HMM)
sim_0044,5,47,wideseq (Kgmm_HMM)
sim_0044,6,8,wideseq (Kgmm_HMM)
sim_0044,7,22,wideseq (Kgmm_HMM)
sim_0044,9,134,wideseq (Kgmm_HMM)
sim_0044,10,36,wideseq (Kgmm_HMM)
sim_0045,1,5,wideseq (Kgmm_HMM)
sim_0045,1,6,wideseq (Kgmm_HMM)
sim_0045,4,18,wideseq (Kgmm_HMM)
sim_0045,5,12,wideseq (Kgmm_HMM)
sim_0045,6,40,wideseq (Kgmm_HMM)
sim_0045,7,4,wideseq (Kgmm_HMM)
sim_0045,8,56,wideseq (Kgmm_HMM)
sim_0045,10,26,wideseq (Kgmm_HMM)
sim_0045,10,14,wideseq (Kgmm_HMM)
sim_0045,10,16,wideseq (Kgmm_HMM)
sim_0046,1,24,wideseq (Kgmm_HMM)
sim_0046,2,5,wideseq (Kgmm_HMM)
sim_0046,2,6,wideseq (Kgmm_HMM)
sim_0046,3,5,wideseq (Kgmm_HMM)
sim_0046,4,41,wideseq (Kgmm_HMM)
sim_0046,5,157,wideseq (Kgmm_HMM)
sim_0046,7,6,wideseq (Kgmm_HMM)
sim_0046,9,115,wideseq (Kgmm_HMM)
sim_0046,10,5,wideseq (Kgmm_HMM)
sim_0047,1,128,wideseq (Kgmm_HMM)
sim_0047,1,22,wideseq (Kgmm_HMM)
sim_0047,2,160,wideseq (Kgmm_HMM)
sim_0047,3,51,wideseq (Kgmm_HMM)
sim_0047,4,35,wideseq (Kgmm_HMM)
sim_0047,7,13,wideseq (Kgmm_HMM)
sim_0047,8,8,wideseq (Kgmm_HMM)
sim_0047,9,32,wideseq (Kgmm_HMM)
sim_0048,2,130,wideseq (Kgmm_HMM)
sim_0048,2,10,wideseq (Kgmm_HMM)
sim_0048,3,6,wideseq (Kgmm_HMM)
sim_0048,8,98,wideseq (Kgmm_HMM)
sim_0048,9,129,wideseq (Kgmm_HMM)
sim_0048,10,4,wideseq (Kgmm_HMM)
sim_0048,10,44,wideseq (Kgmm_HMM)
sim_0049,1,120,wideseq (Kgmm_HMM)
sim_0049,7,9,wideseq (Kgmm_HMM)
sim_0049,8,3,wideseq (Kgmm_HMM)
sim_0049,10,114,wideseq (Kgmm_HMM)
sim_0049,10,6,wideseq (Kgmm_HMM)
sim_0050,1,26,wideseq (Kgmm_HMM)
sim_0050,2,41,wideseq (Kgmm_HMM)
sim_0050,3,11,wideseq (Kgmm_HMM)
sim_0050,3,18,wideseq (Kgmm_HMM)
sim_0050,4,10,wideseq (Kgmm_HMM)
sim_0050,6,36,wideseq (Kgmm_HMM)
sim_0050,6,24,wideseq (Kgmm_HMM)
sim_0050,7,113,wideseq (Kgmm_HMM)
sim_0050,7,19,wideseq (Kgmm_HMM)
sim_0050,8,79,wideseq (Kgmm_HMM)
sim_0050,9,23,wideseq (Kgmm_HMM)
sim_0050,10,5,wideseq (Kgmm_HMM)
sim_0051,1,5,wideseq (Kgmm_HMM)
sim_0051,3,16,wideseq (Kgmm_HMM)
sim_0051,3,17,wideseq (Kgmm_HMM)
sim_0051,4,65,wideseq (Kgmm_HMM)
sim_0051,5,7,wideseq (Kgmm_HMM)
sim_0051,5,132,wideseq (Kgmm_HMM)
sim_0051,6,31,wideseq (Kgmm_HMM)
sim_0051,6,7,wideseq (Kgmm_HMM)
sim_0051,7,6,wideseq (Kgmm_HMM)
sim_0051,10,16,wideseq (Kgmm_HMM)
sim_0052,1,41,wideseq (Kgmm_HMM)
sim_0052,1,35,wideseq (Kgmm_HMM)
sim_0052,1,10,wideseq (Kgmm_HMM)
sim_0052,2,23,wideseq (Kgmm_HMM)
sim_0052,3,44,wideseq (Kgmm_HMM)
sim_0052,3,7,wideseq (Kgmm_HMM)
sim_0052,4,11,wideseq (Kgmm_HMM)
sim_0052,5,28,wideseq (Kgmm_HMM)
sim_0052,8,162,wideseq (Kgmm_HMM)
sim_0052,8,2,wideseq (Kgmm_HMM)
sim_0053,1,37,wideseq (Kgmm_HMM)
sim_0053,3,197,wideseq (Kgmm_HMM)
sim_0053,6,23,wideseq (Kgmm_HMM)
sim_0053,7,6,wideseq (Kgmm_HMM)
sim_0053,7,3,wideseq (Kgmm_HMM)
sim_0053,9,99,wideseq (Kgmm_HMM)
sim_0053,10,134,wideseq (Kgmm_HMM)
sim_0053,10,6,wideseq (Kgmm_HMM)
sim_0054,1,12,wideseq (Kgmm_HMM)
sim_0054,2,5,wideseq (Kgmm_HMM)
sim_0054,3,20,wideseq (Kgmm_HMM)
sim_0054,5,40,wideseq (Kgmm_HMM)
sim_0054,6,11,wideseq (Kgmm_HMM)
sim_0054,7,36,wideseq (Kgmm_HMM)
sim_0054,7,8,wideseq (Kgmm_HMM)
sim_0054,8,54,wideseq (Kgmm_HMM)
sim_0055,1,35,wideseq (Kgmm_HMM)
sim_0055,1,7,wideseq (Kgmm_HMM)
sim_0055,3,4,wideseq (Kgmm_HMM)
sim_0055,5,3,wideseq (Kgmm_HMM)
sim_0055,6,19,wideseq (Kgmm_HMM)
sim_0055,7,7,wideseq (Kgmm_HMM)
sim_0055,7,4,wideseq (Kgmm_HMM)
sim_0055,10,13,wideseq (Kgmm_HMM)
sim_0056,1,15,wideseq (Kgmm_HMM)
sim_0056,2,9,wideseq (Kgmm_HMM)
sim_0056,2,4,wideseq (Kgmm_HMM)
sim_0056,3,117,wideseq (Kgmm_HMM)
sim_0056,3,8,wideseq (Kgmm_HMM)
sim_0056,6,19,wideseq (Kgmm_HMM)
sim_0056,8,78,wideseq (Kgmm_HMM)
sim_0056,10,8,wideseq (Kgmm_HMM)
sim_0057,1,4,wideseq (Kgmm_HMM)
sim_0057,1,36,wideseq (Kgmm_HMM)
sim_0057,1,8,wideseq (Kgmm_HMM)
sim_0057,1,18,wideseq (Kgmm_HMM)
sim_0057,3,11,wideseq (Kgmm_HMM)
sim_0057,4,23,wideseq (Kgmm_HMM)
sim_0057,5,174,wideseq (Kgmm_HMM)
sim_0057,6,45,wideseq (Kgmm_HMM)
sim_0057,6,7,wideseq (Kgmm_HMM)
sim_0057,9,6,wideseq (Kgmm_HMM)
sim_0058,1,26,wideseq (Kgmm_HMM)
sim_0058,2,11,wideseq (Kgmm_HMM)
sim_0058,3,42,wideseq (Kgmm_HMM)
sim_0058,4,64,wideseq (Kgmm_HMM)
sim_0058,5,10,wideseq (Kgmm_HMM)
sim_0058,5,16,wideseq (Kgmm_HMM)
sim_0058,6,73,wideseq (Kgmm_HMM)
sim_0059,1,4,wideseq (Kgmm_HMM)
sim_0059,2,30,wideseq (Kgmm_HMM)
sim_0059,3,139,wideseq (Kgmm_HMM)
sim_0059,3,21,wideseq (Kgmm_HMM)
sim_0059,3,13,wideseq (Kgmm_HMM)
sim_0059,4,60,wideseq (Kgmm_HMM)
sim_0059,5,9,wideseq (Kgmm_HMM)
sim_0059,8,20,wideseq (Kgmm_HMM)
sim_0059,8,4,wideseq (Kgmm_HMM)
sim_0059,10,61,wideseq (Kgmm_HMM)
sim_0060,1,47,wideseq (Kgmm_HMM)
sim_0060,3,6,wideseq (Kgmm_HMM)
sim_0060,4,4,wideseq (Kgmm_HMM)
sim_0060,5,8,wideseq (Kgmm_HMM)
sim_0060,5,91,wideseq (Kgmm_HMM)
sim_0060,6,139,wideseq (Kgmm_HMM)
sim_0060,8,8,wideseq (Kgmm_HMM)
sim_0060,9,22,wideseq (Kgmm_HMM)
sim_0060,9,17,wideseq (Kgmm_HMM)
sim_0061,2,4,wideseq (Kgmm_HMM)
sim_0061,5,144,wideseq (Kgmm_HMM)
sim_0061,6,55,wideseq (Kgmm_HMM)
sim_0061,7,3,wideseq (Kgmm_HMM)
sim_0061,8,75,wideseq (Kgmm_HMM)
sim_0061,8,5,wideseq (Kgmm_HMM)
sim_0061,9,7,wideseq (Kgmm_HMM)
sim_0061,10,108,wideseq (Kgmm_HMM)
sim_0062,1,7,wideseq (Kgmm_HMM)
sim_0062,2,9,wideseq (Kgmm_HMM)
sim_0062,2,18,wideseq (Kgmm_HMM)
sim_0062,3,12,wideseq (Kgmm_HMM)
sim_0062,3,32,wideseq (Kgmm_HMM)
sim_0062,6,4,wideseq (Kgmm_HMM)
sim_0062,7,9,wideseq (Kgmm_HMM)
sim_0062,9,3,wideseq (Kgmm_HMM)
sim_0063,1,86,wideseq (Kgmm_HMM)
sim_0063,2,20,wideseq (Kgmm_HMM)
sim_0063,3,3,wideseq (Kgmm_HMM)
sim_0063,5,15,wideseq (Kgmm_HMM)
sim_0063,6,9,wideseq (Kgmm_HMM)
sim_0063,7,8,wideseq (Kgmm_HMM)
sim_0063,8,6,wideseq (Kgmm_HMM)
sim_0064,3,23,wideseq (Kgmm_HMM)
sim_0064,3,11,wideseq (Kgmm_HMM)
sim_0064,4,68,wideseq (Kgmm_HMM)
sim_0064,5,9,wideseq (Kgmm_HMM)
sim_0064,8,16,wideseq (Kgmm_HMM)
sim_0064,10,7,wideseq (Kgmm_HMM)
sim_0065,1,17,wideseq (Kgmm_HMM)
sim_0065,4,7,wideseq (Kgmm_HMM)
sim_0065,4,16,wideseq (Kgmm_HMM)
sim_0065,5,5,wideseq (Kgmm_HMM)
sim_0065,6,9,wideseq (Kgmm_HMM)
sim_0065,7,6,wideseq (Kgmm_HMM)
sim_0065,10,28,wideseq (Kgmm_HMM)
sim_0066,1,15,wideseq (Kgmm_HMM)
sim_0066,3,58,wideseq (Kgmm_HMM)
sim_0066,4,4,wideseq (Kgmm_HMM)
sim_0066,7,92,wideseq (Kgmm_HMM)
sim_0066,7,6,wideseq (Kgmm_HMM)
sim_0066,8,164,wideseq (Kgmm_HMM)
sim_0066,10,8,wideseq (Kgmm_HMM)
sim_0067,3,13,wideseq (Kgmm_HMM)
sim_0067,5,14,wideseq (Kgmm_HMM)
sim_0067,6,11,wideseq (Kgmm_HMM)
sim_0067,7,3,wideseq (Kgmm_HMM)
sim_0067,9,8,wideseq (Kgmm_HMM)
sim_0067,9,7,wideseq (Kgmm_HMM)
sim_0068,1,38,wideseq (Kgmm_HMM)
sim_0068,2,27,wideseq (Kgmm_HMM)
sim_0068,3,26,wideseq (Kgmm_HMM)
sim_0068,4,20,wideseq (Kgmm_HMM)
sim_0068,4,82,wideseq (Kgmm_HMM)
sim_0068,5,11,wideseq (Kgmm_HMM)
sim_0068,5,18,wideseq (Kgmm_HMM)
sim_0068,6,10,wideseq (Kgmm_HMM)
sim_0068,10,8,wideseq (Kgmm_HMM)
sim_0069,1,114,wideseq (Kgmm_HMM)
sim_0069,1,26,wideseq (Kgmm_HMM)
sim_0069,1,5,wideseq (Kgmm_HMM)
sim_0069,1,16,wideseq (Kgmm_HMM)
sim_0069,4,92,wideseq (Kgmm_HMM)
sim_0069,5,4,wideseq (Kgmm_HMM)
sim_0069,6,114,wideseq (Kgmm_HMM)
sim_0069,6,15,wideseq (Kgmm_HMM)
sim_0069,7,102,wideseq (Kgmm_HMM)
sim_0069,7,6,wideseq (Kgmm_HMM)
sim_0069,10,6,wideseq (Kgmm_HMM)
sim_0070,1,30,wideseq (Kgmm_HMM)
sim_0070,1,23,wideseq (Kgmm_HMM)
sim_0070,3,2,wideseq (Kgmm_HMM)
sim_0070,4,23,wideseq (Kgmm_HMM)
sim_0070,5,48,wideseq (Kgmm_HMM)
sim_0070,8,6,wideseq (Kgmm_HMM)
sim_0070,8,69,wideseq (Kgmm_HMM)
sim_0070,9,2,wideseq (Kgmm_HMM)
sim_0070,10,11,wideseq (Kgmm_HMM)
sim_0071,1,77,wideseq (Kgmm_HMM)
sim_0071,1,6,wideseq (Kgmm_HMM)
sim_0071,3,37,wideseq (Kgmm_HMM)
sim_0071,4,10,wideseq (Kgmm_HMM)
sim_0071,5,34,wideseq (Kgmm_HMM)
sim_0071,5,16,wideseq (Kgmm_HMM)
sim_0071,6,6,wideseq (Kgmm_HMM)
sim_0071,7,24,wideseq (Kgmm_HMM)
sim_0071,8,16,wideseq (Kgmm_HMM)
sim_0071,9,19,wideseq (Kgmm_HMM)
sim_0071,10,6,wideseq (Kgmm_HMM)
sim_0072,1,20,wideseq (Kgmm_HMM)
sim_0072,1,10,wideseq (Kgmm_HMM)
sim_0072,2,60,wideseq (Kgmm_HMM)
sim_0072,3,14,wideseq (Kgmm_HMM)
sim_0072,4,57,wideseq (Kgmm_HMM)
sim_0072,5,49,wideseq (Kgmm_HMM)
sim_0072,7,76,wideseq (Kgmm_HMM)
sim_0073,2,17,wideseq (Kgmm_HMM)
sim_0073,3,14,wideseq (Kgmm_HMM)
sim_0073,5,60,wideseq (Kgmm_HMM)
sim_0073,5,16,wideseq (Kgmm_HMM)
sim_0073,6,7,wideseq (Kgmm_HMM)
sim_0073,7,31,wideseq (Kgmm_HMM)
sim_0073,8,87,wideseq (Kgmm_HMM)
sim_0074,1,10,wideseq (Kgmm_HMM)
sim_0074,2,16,wideseq (Kgmm_HMM)
sim_0074,3,10,wideseq (Kgmm_HMM)
sim_0074,3,22,wideseq (Kgmm_HMM)
sim_0074,4,6,wideseq (Kgmm_HMM)
sim_0074,6,154,wideseq (Kgmm_HMM)
sim_0074,7,100,wideseq (Kgmm_HMM)
sim_0074,7,26,wideseq (Kgmm_HMM)
sim_0075,1,4,wideseq (Kgmm_HMM)
sim_0075,1,120,wideseq (Kgmm_HMM)
sim_0075,1,9,wideseq (Kgmm_HMM)
sim_0075,3,22,wideseq (Kgmm_HMM)
sim_0075,4,10,wideseq (Kgmm_HMM)
sim_0075,4,14,wideseq (Kgmm_HMM)
sim_0075,5,148,wideseq (Kgmm_HMM)
sim_0075,7,22,wideseq (Kgmm_HMM)
sim_0075,9,23,wideseq (Kgmm_HMM)
sim_0076,1,50,wideseq (Kgmm_HMM)
sim_0076,5,9,wideseq (Kgmm_HMM)
sim_0076,6,37,wideseq (Kgmm_HMM)
sim_0076,7,9,wideseq (Kgmm_HMM)
sim_0076,10,144,wideseq (Kgmm_HMM)
sim_0077,1,5,wideseq (Kgmm_HMM)
sim_0077,3,4,wideseq (Kgmm_HMM)
sim_0077,6,88,wideseq (Kgmm_HMM)
sim_0077,8,9,wideseq (Kgmm_HMM)
sim_0077,8,6,wideseq (Kgmm_HMM)
sim_0077,9,41,wideseq (Kgmm_HMM)
sim_0077,10,9,wideseq (Kgmm_HMM)
sim_0078,3,167,wideseq (Kgmm_HMM)
sim_0078,3,4,wideseq (Kgmm_HMM)
sim_0078,4,6,wideseq (Kgmm_HMM)
sim_0078,5,77,wideseq (Kgmm_HMM)
sim_0078,6,102,wideseq (Kgmm_HMM)
sim_0078,9,8,wideseq (Kgmm_HMM)
sim_0078,9,4,wideseq (Kgmm_HMM)
sim_0078,10,115,wideseq (Kgmm_HMM)
sim_0079,1,7,wideseq (Kgmm_HMM)
sim_0079,1,45,wideseq (Kgmm_HMM)
sim_0079,2,114,wideseq (Kgmm_HMM)
sim_0079,2,12,wideseq (Kgmm_HMM)
sim_0079,5,5,wideseq (Kgmm_HMM)
sim_0079,7,87,wideseq (Kgmm_HMM)
sim_0079,7,9,wideseq (Kgmm_HMM)
sim_0079,8,87,wideseq (Kgmm_HMM)
sim_0079,9,12,wideseq (Kgmm_HMM)
sim_0080,1,112,wideseq (Kgmm_HMM)
sim_0080,1,13,wideseq (Kgmm_HMM)
sim_0080,5,53,wideseq (Kgmm_HMM)
sim_0080,6,44,wideseq (Kgmm_HMM)
sim_0080,8,19,wideseq (Kgmm_HMM)
sim_0080,8,2,wideseq (Kgmm_HMM)
sim_0081,1,31,wideseq (Kgmm_HMM)
sim_0081,1,27,wideseq (Kgmm_HMM)
sim_0081,3,8,wideseq (Kgmm_HMM)
sim_0081,3,12,wideseq (Kgmm_HMM)
sim_0081,3,11,wideseq (Kgmm_HMM)
sim_0081,4,3,wideseq (Kgmm_HMM)
sim_0081,4,59,wideseq (Kgmm_HMM)
sim_0081,5,115,wideseq (Kgmm_HMM)
sim_0081,7,5,wideseq (Kgmm_HMM)
sim_0082,2,137,wideseq (Kgmm_HMM)
sim_0082,4,19,wideseq (Kgmm_HMM)
sim_0082,4,61,wideseq (Kgmm_HMM)
sim_0082,5,6,wideseq (Kgmm_HMM)
sim_0082,6,83,wideseq (Kgmm_HMM)
sim_0082,8,4,wideseq (Kgmm_HMM)
sim_0082,9,12,wideseq (Kgmm_HMM)
sim_0082,9,10,wideseq (Kgmm_HMM)
sim_0083,1,28,wideseq (Kgmm_HMM)
sim_0083,1,7,wideseq (Kgmm_HMM)
sim_0083,2,25,wideseq (Kgmm_HMM)
sim_0083,4,131,wideseq (Kgmm_HMM)
sim_0083,7,31,wideseq (Kgmm_HMM)
sim_0083,8,8,wideseq (Kgmm_HMM)
sim_0084,1,36,wideseq (Kgmm_HMM)
sim_0084,3,38,wideseq (Kgmm_HMM)
sim_0084,5,137,wideseq (Kgmm_HMM)
sim_0084,7,132,wideseq (Kgmm_HMM)
sim_0084,8,65,wideseq (Kgmm_HMM)
sim_0084,9,9,wideseq (Kgmm_HMM)
sim_0084,10,8,wideseq (Kgmm_HMM)
sim_0085,1,36,wideseq (Kgmm_HMM)
sim_0085,1,35,wideseq (Kgmm_HMM)
sim_0085,3,5,wideseq (Kgmm_HMM)
sim_0085,4,4,wideseq (Kgmm_HMM)
sim_0085,4,40,wideseq (Kgmm_HMM)
sim_0085,5,6,wideseq (Kgmm_HMM)
sim_0085,7,10,wideseq (Kgmm_HMM)
sim_0085,8,8,wideseq (Kgmm_HMM)
sim_0085,9,80,wideseq (Kgmm_HMM)
sim_0085,10,116,wideseq (Kgmm_HMM)
sim_0086,1,4,wideseq (Kgmm_HMM)
sim_0086,1,24,wideseq (Kgmm_HMM)
sim_0086,1,13,wideseq (Kgmm_HMM)
sim_0086,2,8,wideseq (Kgmm_HMM)
sim_0086,3,6,wideseq (Kgmm_HMM)
sim_0086,5,16,wideseq (Kgmm_HMM)
sim_0086,7,6,wideseq (Kgmm_HMM)
sim_0086,7,25,wideseq (Kgmm_HMM)
sim_0086,9,12,wideseq (Kgmm_HMM)
sim_0086,9,7,wideseq (Kgmm_HMM)
sim_0087,1,23,wideseq (Kgmm_HMM)
sim_0087,2,5,wideseq (Kgmm_HMM)
sim_0087,3,20,wideseq (Kgmm_HMM)
sim_0087,4,113,wideseq (Kgmm_HMM)
sim_0087,5,53,wideseq (Kgmm_HMM)
sim_0087,7,103,wideseq (Kgmm_HMM)
sim_0087,10,4,wideseq (Kgmm_HMM)
sim_0088,2,13,wideseq (Kgmm_HMM)
sim_0088,4,43,wideseq (Kgmm_HMM)
sim_0088,5,11,wideseq (Kgmm_HMM)
sim_0088,7,112,wideseq (Kgmm_HMM)
sim_0088,9,18,wideseq (Kgmm_HMM)
sim_0089,1,7,wideseq (Kgmm_HMM)
sim_0089,4,19,wideseq (Kgmm_HMM)
sim_0089,6,22,wideseq (Kgmm_HMM)
sim_0089,6,20,wideseq (Kgmm_HMM)
sim_0089,7,150,wideseq (Kgmm_HMM)
sim_0089,8,6,wideseq (Kgmm_HMM)
sim_0089,9,14,wideseq (Kgmm_HMM)
sim_0089,9,4,wideseq (Kgmm_HMM)
sim_0090,1,30,wideseq (Kgmm_HMM)
sim_0090,1,8,wideseq (Kgmm_HMM)
sim_0090,2,6,wideseq (Kgmm_HMM)
sim_0090,2,4,wideseq (Kgmm_HMM)
sim_0090,3,8,wideseq (Kgmm_HMM)
sim_0090,8,12,wideseq (Kgmm_HMM)
sim_0090,10,14,wideseq (Kgmm_HMM)
sim_0091,1,127,wideseq (Kgmm_HMM)
sim_0091,1,26,wideseq (Kgmm_HMM)
sim_0091,1,6,wideseq (Kgmm_HMM)
sim_0091,2,6,wideseq (Kgmm_HMM)
sim_0091,4,5,wideseq (Kgmm_HMM)
sim_0091,4,142,wideseq (Kgmm_HMM)
sim_0091,5,185,wideseq (Kgmm_HMM)
sim_0091,7,7,wideseq (Kgmm_HMM)
sim_0091,7,78,wideseq (Kgmm_HMM)
sim_0091,7,8,wideseq (Kgmm_HMM)
sim_0092,1,29,wideseq (Kgmm_HMM)
sim_0092,3,7,wideseq (Kgmm_HMM)
sim_0092,6,57,wideseq (Kgmm_HMM)
sim_0092,7,24,wideseq (Kgmm_HMM)
sim_0092,8,5,wideseq (Kgmm_HMM)
sim_0092,10,4,wideseq (Kgmm_HMM)
sim_0093,1,14,wideseq (Kgmm_HMM)
sim_0093,1,5,wideseq (Kgmm_HMM)
sim_0093,3,37,wideseq (Kgmm_HMM)
sim_0093,4,20,wideseq (Kgmm_HMM)
sim_0093,5,70,wideseq (Kgmm_HMM)
sim_0093,6,130,wideseq (Kgmm_HMM)
sim_0093,7,19,wideseq (Kgmm_HMM)
sim_0093,7,32,wideseq (Kgmm_HMM)
sim_0093,10,22,wideseq (Kgmm_HMM)
sim_0094,1,123,wideseq (Kgmm_HMM)
sim_0094,1,8,wideseq (Kgmm_HMM)
sim_0094,1,34,wideseq (Kgmm_HMM)
sim_0094,3,12,wideseq (Kgmm_HMM)
sim_0094,4,146,wideseq (Kgmm_HMM)
sim_0094,7,3,wideseq (Kgmm_HMM)
sim_0094,7,104,wideseq (Kgmm_HMM)
sim_0094,7,8,wideseq (Kgmm_HMM)
sim_0094,10,14,wideseq (Kgmm_HMM)
sim_0095,1,24,wideseq (Kgmm_HMM)
sim_0095,1,23,wideseq (Kgmm_HMM)
sim_0095,1,6,wideseq (Kgmm_HMM)
sim_0095,3,18,wideseq (Kgmm_HMM)
sim_0095,3,4,wideseq (Kgmm_HMM)
sim_0095,4,7,wideseq (Kgmm_HMM)
sim_0095,4,6,wideseq (Kgmm_HMM)
sim_0095,5,27,wideseq (Kgmm_HMM)
sim_0095,5,27,wideseq (Kgmm_HMM)
sim_0095,7,12,wideseq (Kgmm_HMM)
sim_0095,8,3,wideseq (Kgmm_HMM)
sim_0095,10,24,wideseq (Kgmm_HMM)
sim_0096,1,109,wideseq (Kgmm_HMM)
sim_0096,4,6,wideseq (Kgmm_HMM)
sim_0096,4,9,wideseq (Kgmm_HMM)
sim_0096,5,8,wideseq (Kgmm_HMM)
sim_0096,6,60,wideseq (Kgmm_HMM)
sim_0096,6,76,wideseq (Kgmm_HMM)
sim_0096,7,103,wideseq (Kgmm_HMM)
sim_0096,7,2,wideseq (Kgmm_HMM)
sim_0096,10,26,wideseq (Kgmm_HMM)
sim_0096,10,25,wideseq (Kgmm_HMM)
sim_0097,1,12,wideseq (Kgmm_HMM)
sim_0097,2,19,wideseq (Kgmm_HMM)
sim_0097,3,11,wideseq (Kgmm_HMM)
sim_0097,3,13,wideseq (Kgmm_HMM)
sim_0097,3,14,wideseq (Kgmm_HMM)
sim_0097,4,15,wideseq (Kgmm_HMM)
sim_0097,6,58,wideseq (Kgmm_HMM)
sim_0097,8,69,wideseq (Kgmm_HMM)
sim_0097,8,8,wideseq (Kgmm_HMM)
sim_0097,9,14,wideseq (Kgmm_HMM)
sim_0098,1,25,wideseq (Kgmm_HMM)
sim_0098,1,38,wideseq (Kgmm_HMM)
sim_0098,7,123,wideseq (Kgmm_HMM)
sim_0098,8,22,wideseq (Kgmm_HMM)
sim_0098,8,9,wideseq (Kgmm_HMM)
sim_0098,9,90,wideseq (Kgmm_HMM)
sim_0099,1,18,wideseq (Kgmm_HMM)
sim_0099,1,32,wideseq (Kgmm_HMM)
sim_0099,2,153,wideseq (Kgmm_HMM)
sim_0099,3,8,wideseq (Kgmm_HMM)
sim_0099,9,8,wideseq (Kgmm_HMM)
sim_0099,9,6,wideseq (Kgmm_HMM)
sim_0100,2,11,wideseq (Kgmm_HMM)
sim_0100,3,15,wideseq (Kgmm_HMM)
sim_0100,4,19,wideseq (Kgmm_HMM)
sim_0100,7,88,wideseq (Kgmm_HMM)
sim_0100,7,6,wideseq (Kgmm_HMM)
sim_0100,8,90,wideseq (Kgmm_HMM)
sim_0100,10,13,wideseq (Kgmm_HMM)
